order_id,product_id,quantity,selling_price
ORD000001,P0045,15,1850000.0
ORD000001,P0029,24,23122.0
ORD000002,P0036,25,173962.0
ORD000003,P0022,5,18000.0
ORD000003,P0058,4,350000.0
ORD000004,P0012,28,5000.0
ORD000005,P0089,5,1725570.0
ORD000005,P0027,1,87382.0
ORD000006,P0009,9,18000.0
ORD000006,P0002,3,18000.0
ORD000006,P0011,3,5000.0
ORD000006,P0043,12,3190000.0
ORD000006,P0006,4,80805.0
ORD000007,P0055,23,259696.0
ORD000007,P0073,24,2499750.0
ORD000007,P0074,28,499750.0
ORD000007,P0046,29,890000.0
ORD000008,P0016,5,25000.0
ORD000009,P0078,22,1653300.0
ORD000009,P0079,9,1537657.0
ORD000009,P0022,7,18000.0
ORD000010,P0085,5,1720950.0
ORD000010,P0039,4,28000.0
ORD000010,P0042,1,40577.0
ORD000011,P0059,26,52352.0
ORD000012,P0085,4,1720950.0
ORD000012,P0017,1,8367.0
ORD000012,P0052,4,290000.0
ORD000013,P0023,22,42000.0
ORD000014,P0045,4,1745705.0
ORD000014,P0039,1,26734.0
ORD000014,P0005,2,73309.0
ORD000015,P0077,27,1773420.0
ORD000015,P0083,27,591690.0
ORD000016,P0014,3,11723.0
ORD000016,P0018,3,35936.0
ORD000017,P0052,5,290000.0
ORD000017,P0044,3,909208.0
ORD000018,P0037,1,95000.0
ORD000018,P0028,5,78000.0
ORD000018,P0042,1,39464.0
ORD000018,P0084,5,672250.0
ORD000019,P0072,15,1954437.0
ORD000020,P0044,1,920000.0
ORD000020,P0048,1,11560.0
ORD000020,P0055,1,280000.0
ORD000020,P0022,3,16275.0
ORD000021,P0014,7,12000.0
ORD000021,P0048,17,12000.0
ORD000022,P0057,4,211417.0
ORD000023,P0027,5,92000.0
ORD000023,P0088,3,533872.0
ORD000023,P0040,4,18000.0
ORD000023,P0028,5,75664.0
ORD000023,P0090,1,1117599.0
ORD000024,P0074,2,499750.0
ORD000025,P0005,2,77332.0
ORD000025,P0033,3,69000.0
ORD000025,P0006,3,75696.0
ORD000025,P0084,4,691030.0
ORD000026,P0088,30,576180.0
ORD000027,P0040,7,18000.0
ORD000027,P0059,5,55000.0
ORD000028,P0058,1,324587.0
ORD000028,P0056,4,180000.0
ORD000028,P0042,2,38313.0
ORD000029,P0048,3,12000.0
ORD000029,P0052,3,290000.0
ORD000029,P0080,4,1748412.0
ORD000030,P0058,3,350000.0
ORD000030,P0006,2,75314.0
ORD000030,P0043,5,3190000.0
ORD000030,P0088,2,530644.0
ORD000030,P0076,2,1629205.0
ORD000030,P0089,3,1575483.0
ORD000031,P0058,2,350000.0
ORD000032,P0038,3,35000.0
ORD000033,P0005,8,79000.0
ORD000033,P0072,3,1999750.0
ORD000033,P0079,9,1578060.0
ORD000033,P0089,3,1725570.0
ORD000033,P0040,4,18000.0
ORD000034,P0029,1,23965.0
ORD000034,P0089,5,1586406.0
ORD000034,P0086,4,432697.0
ORD000035,P0028,1,78000.0
ORD000035,P0023,1,39209.0
ORD000036,P0049,5,125000.0
ORD000036,P0059,1,55000.0
ORD000036,P0037,2,95000.0
ORD000036,P0079,4,1578060.0
ORD000036,P0038,1,35000.0
ORD000037,P0020,26,78546.0
ORD000037,P0038,10,35000.0
ORD000038,P0079,1,1578060.0
ORD000039,P0015,2,45000.0
ORD000039,P0016,5,25000.0
ORD000039,P0029,1,25000.0
ORD000040,P0025,5,15000.0
ORD000040,P0069,3,2499750.0
ORD000040,P0051,4,289578.0
ORD000041,P0023,8,42000.0
ORD000042,P0077,4,1733677.0
ORD000042,P0008,5,65000.0
ORD000043,P0036,16,185000.0
ORD000043,P0088,8,576180.0
ORD000043,P0084,23,745800.0
ORD000044,P0029,11,23286.0
ORD000044,P0016,28,23952.0
ORD000045,P0016,29,25000.0
ORD000045,P0015,19,43578.0
ORD000046,P0055,11,280000.0
ORD000046,P0079,10,1578060.0
ORD000046,P0015,9,45000.0
ORD000046,P0016,2,25000.0
ORD000047,P0008,4,65000.0
ORD000047,P0053,1,165000.0
ORD000047,P0035,3,14521.0
ORD000047,P0052,2,290000.0
ORD000047,P0067,4,14207256.0
ORD000047,P0064,5,27499750.0
ORD000048,P0059,28,54274.0
ORD000048,P0006,24,76260.0
ORD000048,P0029,23,25000.0
ORD000049,P0012,26,4926.0
ORD000049,P0063,26,31794150.0
ORD000049,P0045,26,1850000.0
ORD000049,P0049,16,125000.0
ORD000050,P0043,5,3190000.0
ORD000050,P0006,4,82000.0
ORD000050,P0013,2,4847.0
ORD000050,P0008,2,58756.0
ORD000050,P0078,3,1653300.0
ORD000050,P0079,2,1506974.0
ORD000051,P0088,5,542503.0
ORD000052,P0015,3,45000.0
ORD000052,P0016,1,23661.0
ORD000052,P0054,1,245000.0
ORD000053,P0014,4,12000.0
ORD000053,P0039,5,28000.0
ORD000053,P0087,4,636607.0
ORD000053,P0020,1,85000.0
ORD000054,P0005,2,74435.0
ORD000055,P0077,2,1773420.0
ORD000055,P0083,1,591690.0
ORD000055,P0066,5,12499750.0
ORD000056,P0046,1,890000.0
ORD000057,P0008,4,65000.0
ORD000057,P0088,4,531715.0
ORD000057,P0084,1,745800.0
ORD000057,P0047,1,78000.0
ORD000057,P0048,1,11594.0
ORD000058,P0076,2,1708410.0
ORD000058,P0089,4,1725570.0
ORD000058,P0072,2,1999750.0
ORD000059,P0036,1,172027.0
ORD000059,P0076,1,1604753.0
ORD000059,P0089,4,1691951.0
ORD000060,P0033,2,69000.0
ORD000060,P0025,3,15000.0
ORD000060,P0008,3,65000.0
ORD000061,P0061,4,49999750.0
ORD000061,P0032,1,12000.0
ORD000061,P0006,4,82000.0
ORD000062,P0055,12,261231.0
ORD000063,P0039,5,28000.0
ORD000064,P0088,6,529689.0
ORD000064,P0084,11,745800.0
ORD000064,P0018,9,38000.0
ORD000064,P0019,4,20695.0
ORD000065,P0078,2,1563671.0
ORD000065,P0079,1,1532747.0
ORD000065,P0032,2,10828.0
ORD000065,P0006,5,82000.0
ORD000065,P0048,4,11396.0
ORD000066,P0064,7,27499750.0
ORD000066,P0043,9,3190000.0
ORD000066,P0006,10,82000.0
ORD000067,P0088,5,576180.0
ORD000067,P0084,2,745800.0
ORD000068,P0078,2,1653300.0
ORD000068,P0079,5,1578060.0
ORD000068,P0056,5,171803.0
ORD000068,P0049,5,125000.0
ORD000068,P0012,1,5000.0
ORD000069,P0050,5,420000.0
ORD000070,P0036,7,185000.0
ORD000070,P0040,7,16717.0
ORD000070,P0061,7,45588220.0
ORD000071,P0042,4,39381.0
ORD000071,P0025,2,14761.0
ORD000072,P0089,17,1725570.0
ORD000072,P0086,12,461670.0
ORD000073,P0079,3,1528741.0
ORD000073,P0042,3,42000.0
ORD000074,P0026,5,65000.0
ORD000074,P0035,1,16000.0
ORD000075,P0049,9,125000.0
ORD000075,P0033,21,69000.0
ORD000075,P0006,24,82000.0
ORD000075,P0054,17,236802.0
ORD000075,P0036,14,185000.0
ORD000075,P0005,21,74885.0
ORD000076,P0033,3,66962.0
ORD000076,P0089,5,1725570.0
ORD000076,P0074,1,499750.0
ORD000077,P0077,9,1773420.0
ORD000077,P0083,4,591690.0
ORD000077,P0060,5,390000.0
ORD000077,P0004,11,41099.0
ORD000078,P0049,2,125000.0
ORD000078,P0090,5,1155660.0
ORD000079,P0057,3,220000.0
ORD000079,P0061,3,48171813.0
ORD000079,P0055,4,280000.0
ORD000080,P0012,29,4631.0
ORD000080,P0059,14,49891.0
ORD000081,P0018,28,38000.0
ORD000081,P0019,12,22000.0
ORD000081,P0086,21,461670.0
ORD000082,P0042,4,42000.0
ORD000082,P0060,2,361082.0
ORD000083,P0058,2,316145.0
ORD000083,P0022,4,16502.0
ORD000083,P0067,3,13512285.0
ORD000084,P0026,28,65000.0
ORD000084,P0089,13,1555200.0
ORD000084,P0086,15,439094.0
ORD000084,P0045,29,1850000.0
ORD000084,P0078,24,1621447.0
ORD000084,P0079,18,1578060.0
ORD000085,P0013,4,5000.0
ORD000086,P0050,1,420000.0
ORD000086,P0024,2,8000.0
ORD000087,P0057,5,220000.0
ORD000087,P0086,5,446971.0
ORD000087,P0033,2,66325.0
ORD000087,P0006,5,74404.0
ORD000088,P0049,10,125000.0
ORD000089,P0083,6,591690.0
ORD000089,P0039,26,27023.0
ORD000090,P0008,1,58904.0
ORD000091,P0013,8,5000.0
ORD000092,P0079,3,1578060.0
ORD000092,P0089,5,1725570.0
ORD000092,P0078,4,1524799.0
ORD000092,P0012,3,5000.0
ORD000092,P0035,2,15444.0
ORD000093,P0070,4,3249750.0
ORD000093,P0080,1,1789590.0
ORD000093,P0077,1,1773420.0
ORD000094,P0006,2,77647.0
ORD000094,P0043,4,3190000.0
ORD000094,P0026,1,65000.0
ORD000094,P0076,5,1677730.0
ORD000094,P0028,4,78000.0
ORD000095,P0047,4,78000.0
ORD000095,P0036,2,185000.0
ORD000096,P0049,3,125000.0
ORD000096,P0088,2,576180.0
ORD000096,P0013,4,5000.0
ORD000096,P0022,5,18000.0
ORD000097,P0059,1,55000.0
ORD000097,P0019,2,20032.0
ORD000098,P0018,3,38000.0
ORD000098,P0049,4,125000.0
ORD000098,P0071,4,12771056.0
ORD000099,P0079,7,1578060.0
ORD000100,P0060,28,356941.0
ORD000100,P0023,28,42000.0
ORD000100,P0076,10,1620926.0
ORD000101,P0008,1,65000.0
ORD000101,P0076,4,1708410.0
ORD000101,P0089,5,1725570.0
ORD000101,P0002,5,17268.0
ORD000101,P0011,1,5000.0
ORD000102,P0025,2,15000.0
ORD000102,P0089,1,1725570.0
ORD000102,P0086,2,461670.0
ORD000103,P0008,1,65000.0
ORD000103,P0088,1,576180.0
ORD000103,P0084,4,745800.0
ORD000103,P0022,4,18000.0
ORD000104,P0038,6,35000.0
ORD000104,P0072,27,1885354.0
ORD000105,P0048,5,12000.0
ORD000105,P0058,4,324427.0
ORD000106,P0059,16,55000.0
ORD000106,P0048,18,12000.0
ORD000106,P0035,7,16000.0
ORD000107,P0029,5,25000.0
ORD000107,P0056,1,166785.0
ORD000107,P0072,2,1814540.0
ORD000107,P0040,2,18000.0
ORD000107,P0020,2,78923.0
ORD000108,P0069,3,2499750.0
ORD000108,P0051,3,320000.0
ORD000108,P0008,7,58572.0
ORD000109,P0049,3,125000.0
ORD000109,P0089,2,1725570.0
ORD000109,P0086,4,461670.0
ORD000109,P0046,3,890000.0
ORD000110,P0045,5,1850000.0
ORD000110,P0055,3,280000.0
ORD000110,P0040,4,17592.0
ORD000111,P0061,30,49999750.0
ORD000111,P0043,17,3190000.0
ORD000111,P0006,30,82000.0
ORD000111,P0036,8,169827.0
ORD000112,P0087,1,662424.0
ORD000112,P0042,4,42000.0
ORD000113,P0015,5,45000.0
ORD000113,P0016,4,25000.0
ORD000113,P0034,3,82714.0
ORD000114,P0058,15,328559.0
ORD000114,P0032,5,12000.0
ORD000114,P0005,12,79000.0
ORD000115,P0039,5,28000.0
ORD000115,P0035,14,16000.0
ORD000116,P0030,19,13170.0
ORD000116,P0072,7,1999750.0
ORD000117,P0058,3,350000.0
ORD000117,P0059,4,55000.0
ORD000117,P0015,4,45000.0
ORD000118,P0067,2,14999750.0
ORD000118,P0039,1,28000.0
ORD000119,P0040,11,18000.0
ORD000119,P0024,3,8000.0
ORD000120,P0063,2,34999750.0
ORD000120,P0045,2,1850000.0
ORD000120,P0055,4,280000.0
ORD000120,P0008,5,65000.0
ORD000121,P0058,4,350000.0
ORD000121,P0090,3,1090498.0
ORD000121,P0049,2,123343.0
ORD000122,P0038,2,35000.0
ORD000122,P0077,2,1686360.0
ORD000122,P0083,4,591690.0
ORD000122,P0008,1,65000.0
ORD000123,P0005,2,79000.0
ORD000123,P0064,1,27499750.0
ORD000123,P0048,3,10894.0
ORD000124,P0061,1,49999750.0
ORD000124,P0078,5,1653300.0
ORD000124,P0038,5,35000.0
ORD000125,P0078,2,1507714.0
ORD000125,P0060,2,380080.0
ORD000126,P0056,1,180000.0
ORD000127,P0040,5,18000.0
ORD000127,P0044,4,868962.0
ORD000127,P0052,3,269815.0
ORD000127,P0078,5,1653300.0
ORD000127,P0079,4,1547247.0
ORD000128,P0077,2,1644258.0
ORD000128,P0083,3,591690.0
ORD000128,P0086,3,461670.0
ORD000128,P0015,3,45000.0
ORD000128,P0016,2,25000.0
ORD000129,P0038,2,35000.0
ORD000129,P0008,4,65000.0
ORD000129,P0009,3,17801.0
ORD000130,P0035,3,14597.0
ORD000131,P0048,11,12000.0
ORD000132,P0019,8,22000.0
ORD000132,P0083,4,591690.0
ORD000133,P0065,10,37499750.0
ORD000133,P0026,8,65000.0
ORD000133,P0086,2,448485.0
ORD000134,P0057,2,220000.0
ORD000135,P0016,1,25000.0
ORD000135,P0042,2,42000.0
ORD000136,P0045,14,1850000.0
ORD000136,P0038,11,31989.0
ORD000136,P0062,15,44999750.0
ORD000136,P0049,25,119811.0
ORD000137,P0087,5,681780.0
ORD000137,P0022,3,18000.0
ORD000138,P0062,3,40977902.0
ORD000138,P0049,1,125000.0
ORD000138,P0087,4,681780.0
ORD000138,P0047,1,78000.0
ORD000139,P0032,23,12000.0
ORD000139,P0006,8,82000.0
ORD000139,P0050,21,420000.0
ORD000140,P0035,2,16000.0
ORD000140,P0015,3,45000.0
ORD000141,P0083,1,578639.0
ORD000141,P0017,3,9000.0
ORD000142,P0049,5,123725.0
ORD000143,P0074,5,466699.0
ORD000143,P0015,28,40921.0
ORD000144,P0088,1,576180.0
ORD000144,P0084,5,745800.0
ORD000144,P0025,4,15000.0
ORD000144,P0005,5,79000.0
ORD000144,P0022,2,18000.0
ORD000144,P0078,3,1625762.0
ORD000144,P0079,4,1524693.0
ORD000145,P0018,4,38000.0
ORD000146,P0019,7,22000.0
ORD000146,P0028,5,72982.0
ORD000146,P0025,2,15000.0
ORD000146,P0012,6,4578.0
ORD000146,P0015,8,42752.0
ORD000147,P0073,4,2499750.0
ORD000147,P0074,1,499750.0
ORD000148,P0058,3,350000.0
ORD000149,P0076,2,1708410.0
ORD000149,P0089,4,1558394.0
ORD000149,P0004,5,42000.0
ORD000150,P0043,10,3155058.0
ORD000150,P0006,7,82000.0
ORD000150,P0035,9,16000.0
ORD000150,P0038,11,35000.0
ORD000150,P0057,8,220000.0
ORD000151,P0075,5,2468899.0
ORD000152,P0076,2,1708410.0
ORD000152,P0006,5,82000.0
ORD000153,P0062,2,44999750.0
ORD000153,P0049,1,125000.0
ORD000153,P0050,5,420000.0
ORD000154,P0018,3,35478.0
ORD000154,P0019,4,22000.0
ORD000154,P0064,3,27499750.0
ORD000154,P0085,2,1662286.0
ORD000154,P0078,4,1630914.0
ORD000154,P0079,3,1578060.0
ORD000155,P0059,1,54196.0
ORD000155,P0076,4,1656089.0
ORD000155,P0089,5,1725570.0
ORD000156,P0050,7,420000.0
ORD000157,P0076,1,1708410.0
ORD000157,P0066,4,12244876.0
ORD000157,P0030,4,13043.0
ORD000157,P0002,4,18000.0
ORD000157,P0011,4,4760.0
ORD000157,P0061,2,49999750.0
ORD000158,P0087,5,673615.0
ORD000158,P0008,3,65000.0
ORD000159,P0058,2,327892.0
ORD000159,P0055,5,270395.0
ORD000160,P0005,3,79000.0
ORD000161,P0018,4,38000.0
ORD000161,P0019,3,22000.0
ORD000161,P0016,5,25000.0
ORD000161,P0026,3,60661.0
ORD000162,P0020,10,85000.0
ORD000162,P0025,11,15000.0
ORD000163,P0060,21,374781.0
ORD000163,P0086,24,461670.0
ORD000163,P0050,29,420000.0
ORD000163,P0022,10,17510.0
ORD000163,P0027,9,92000.0
ORD000164,P0056,21,180000.0
ORD000164,P0077,5,1695523.0
ORD000164,P0083,21,538513.0
ORD000164,P0084,9,745800.0
ORD000164,P0007,23,99000.0
ORD000164,P0043,8,3032547.0
ORD000165,P0037,3,95000.0
ORD000165,P0035,5,16000.0
ORD000166,P0029,4,24041.0
ORD000166,P0022,2,18000.0
ORD000166,P0068,4,8127452.0
ORD000166,P0083,4,591690.0
ORD000167,P0036,5,185000.0
ORD000167,P0043,5,2879311.0
ORD000167,P0006,2,75281.0
ORD000167,P0034,1,85000.0
ORD000168,P0033,2,69000.0
ORD000168,P0006,5,82000.0
ORD000169,P0077,11,1630285.0
ORD000169,P0083,5,591690.0
ORD000170,P0003,1,14000.0
ORD000170,P0070,5,3014115.0
ORD000171,P0078,3,1653300.0
ORD000171,P0079,5,1578060.0
ORD000171,P0019,3,22000.0
ORD000171,P0028,4,78000.0
ORD000171,P0046,3,890000.0
ORD000172,P0058,1,350000.0
ORD000172,P0018,3,38000.0
ORD000172,P0019,4,22000.0
ORD000172,P0022,1,18000.0
ORD000172,P0006,5,76333.0
ORD000172,P0075,2,2499750.0
ORD000173,P0078,5,1515210.0
ORD000173,P0079,3,1578060.0
ORD000173,P0089,2,1725570.0
ORD000174,P0033,2,69000.0
ORD000174,P0042,4,42000.0
ORD000174,P0012,4,5000.0
ORD000174,P0006,2,82000.0
ORD000175,P0089,1,1725570.0
ORD000175,P0086,2,422509.0
ORD000175,P0078,2,1653300.0
ORD000175,P0079,1,1578060.0
ORD000175,P0008,4,65000.0
ORD000175,P0029,4,25000.0
ORD000176,P0066,2,12499750.0
ORD000176,P0087,5,681780.0
ORD000177,P0052,2,290000.0
ORD000177,P0059,4,55000.0
ORD000177,P0076,2,1708410.0
ORD000177,P0089,4,1725570.0
ORD000178,P0045,3,1768752.0
ORD000179,P0003,11,14000.0
ORD000179,P0038,25,35000.0
ORD000179,P0035,18,16000.0
ORD000180,P0013,5,5000.0
ORD000180,P0077,3,1751395.0
ORD000180,P0083,3,548249.0
ORD000180,P0064,1,27499750.0
ORD000181,P0002,5,18000.0
ORD000181,P0011,1,4790.0
ORD000182,P0076,3,1708410.0
ORD000183,P0078,3,1501801.0
ORD000184,P0088,2,576180.0
ORD000184,P0084,1,727894.0
ORD000184,P0035,1,16000.0
ORD000185,P0017,4,9000.0
ORD000185,P0035,4,16000.0
ORD000185,P0032,1,12000.0
ORD000185,P0006,3,82000.0
ORD000186,P0050,2,420000.0
ORD000186,P0089,4,1725570.0
ORD000187,P0086,2,461670.0
ORD000188,P0005,4,79000.0
ORD000188,P0020,1,82201.0
ORD000188,P0057,1,220000.0
ORD000188,P0036,4,185000.0
ORD000188,P0022,5,18000.0
ORD000189,P0045,2,1805579.0
ORD000189,P0019,7,22000.0
ORD000190,P0064,3,24863075.0
ORD000190,P0010,2,165000.0
ORD000190,P0069,4,2499750.0
ORD000190,P0051,5,320000.0
ORD000191,P0018,4,38000.0
ORD000191,P0019,5,20067.0
ORD000191,P0069,4,2499750.0
ORD000191,P0051,1,320000.0
ORD000191,P0056,4,169823.0
ORD000192,P0076,4,1708410.0
ORD000192,P0089,5,1671411.0
ORD000193,P0013,5,4820.0
ORD000193,P0037,5,95000.0
ORD000194,P0031,3,4000.0
ORD000194,P0089,5,1725570.0
ORD000195,P0077,11,1773420.0
ORD000195,P0083,30,591690.0
ORD000195,P0078,14,1653300.0
ORD000195,P0046,9,856317.0
ORD000196,P0076,5,1708410.0
ORD000196,P0089,5,1677071.0
ORD000197,P0035,4,15713.0
ORD000197,P0087,3,647142.0
ORD000197,P0088,5,576180.0
ORD000197,P0084,2,745800.0
ORD000197,P0049,2,113338.0
ORD000198,P0025,3,15000.0
ORD000199,P0029,5,25000.0
ORD000200,P0017,4,9000.0
ORD000201,P0026,1,65000.0
ORD000201,P0087,3,681780.0
ORD000202,P0060,5,364161.0
ORD000202,P0029,5,25000.0
ORD000202,P0085,1,1720950.0
ORD000202,P0087,2,681780.0
ORD000202,P0035,1,14641.0
ORD000203,P0019,4,22000.0
ORD000203,P0056,1,164491.0
ORD000204,P0016,2,23417.0
ORD000205,P0035,1,16000.0
ORD000205,P0012,5,5000.0
ORD000206,P0070,1,3249750.0
ORD000207,P0074,3,450277.0
ORD000207,P0048,5,12000.0
ORD000208,P0048,5,12000.0
ORD000208,P0008,2,65000.0
ORD000209,P0074,1,499750.0
ORD000210,P0043,9,3190000.0
ORD000210,P0006,12,82000.0
ORD000210,P0012,11,5000.0
ORD000210,P0058,11,350000.0
ORD000211,P0073,3,2353905.0
ORD000211,P0057,3,207642.0
ORD000212,P0025,12,15000.0
ORD000213,P0052,5,275086.0
ORD000213,P0059,2,55000.0
ORD000214,P0042,5,42000.0
ORD000214,P0045,5,1850000.0
ORD000215,P0088,2,576180.0
ORD000215,P0043,2,3190000.0
ORD000215,P0006,3,82000.0
ORD000215,P0019,4,19879.0
ORD000216,P0056,4,165611.0
ORD000216,P0025,4,15000.0
ORD000216,P0067,3,14999750.0
ORD000216,P0050,4,378249.0
ORD000216,P0034,2,85000.0
ORD000217,P0015,3,42450.0
ORD000217,P0016,4,25000.0
ORD000217,P0053,5,165000.0
ORD000218,P0051,2,320000.0
ORD000218,P0059,3,52057.0
ORD000219,P0064,11,27499750.0
ORD000220,P0053,12,165000.0
ORD000220,P0073,9,2499750.0
ORD000220,P0017,3,9000.0
ORD000221,P0078,2,1653300.0
ORD000221,P0079,5,1578060.0
ORD000222,P0043,4,3190000.0
ORD000222,P0006,3,78949.0
ORD000223,P0035,2,14521.0
ORD000223,P0052,5,271666.0
ORD000223,P0069,2,2499750.0
ORD000224,P0002,1,18000.0
ORD000225,P0038,5,35000.0
ORD000225,P0033,3,65687.0
ORD000225,P0006,4,80110.0
ORD000225,P0060,1,366675.0
ORD000225,P0069,2,2499750.0
ORD000225,P0051,5,320000.0
ORD000226,P0005,24,79000.0
ORD000226,P0035,7,16000.0
ORD000226,P0056,16,180000.0
ORD000227,P0026,5,65000.0
ORD000227,P0088,1,545037.0
ORD000227,P0084,2,745800.0
ORD000227,P0071,1,13749750.0
ORD000228,P0072,3,1999750.0
ORD000228,P0032,2,12000.0
ORD000228,P0006,4,82000.0
ORD000228,P0052,3,290000.0
ORD000228,P0059,5,55000.0
ORD000228,P0067,1,14999750.0
ORD000228,P0064,3,26737039.0
ORD000228,P0008,3,63257.0
ORD000229,P0049,12,125000.0
ORD000229,P0070,12,3045400.0
ORD000229,P0069,16,2499750.0
ORD000229,P0041,5,628117.0
ORD000229,P0042,14,42000.0
ORD000229,P0052,26,269926.0
ORD000229,P0059,22,51859.0
ORD000230,P0068,2,8037609.0
ORD000231,P0010,5,161093.0
ORD000232,P0079,23,1578060.0
ORD000232,P0025,21,14146.0
ORD000232,P0017,22,9000.0
ORD000232,P0070,16,3249750.0
ORD000233,P0041,3,680000.0
ORD000233,P0002,4,16756.0
ORD000233,P0011,2,5000.0
ORD000233,P0052,2,290000.0
ORD000233,P0059,3,55000.0
ORD000234,P0089,17,1725570.0
ORD000234,P0076,30,1560563.0
ORD000235,P0089,5,1560422.0
ORD000235,P0046,1,890000.0
ORD000236,P0009,8,18000.0
ORD000236,P0068,26,8031450.0
ORD000236,P0043,23,3190000.0
ORD000236,P0032,22,12000.0
ORD000237,P0043,25,2967864.0
ORD000237,P0082,25,1100220.0
ORD000237,P0035,17,14503.0
ORD000238,P0026,3,61547.0
ORD000238,P0025,4,15000.0
ORD000239,P0023,4,42000.0
ORD000240,P0036,5,185000.0
ORD000241,P0026,2,65000.0
ORD000242,P0088,4,576180.0
ORD000242,P0084,5,745800.0
ORD000242,P0025,5,15000.0
ORD000243,P0039,5,28000.0
ORD000243,P0033,4,65063.0
ORD000243,P0006,1,79689.0
ORD000243,P0028,5,78000.0
ORD000244,P0049,1,125000.0
ORD000244,P0035,2,16000.0
ORD000245,P0026,3,65000.0
ORD000245,P0067,11,14999750.0
ORD000245,P0037,11,95000.0
ORD000246,P0003,4,13184.0
ORD000246,P0026,1,65000.0
ORD000246,P0012,2,5000.0
ORD000246,P0039,4,28000.0
ORD000246,P0002,4,18000.0
ORD000246,P0011,3,4873.0
ORD000247,P0022,2,18000.0
ORD000247,P0089,1,1638363.0
ORD000247,P0086,1,461670.0
ORD000247,P0067,3,14999750.0
ORD000247,P0064,1,25288796.0
ORD000247,P0059,1,55000.0
ORD000247,P0019,4,22000.0
ORD000248,P0022,1,18000.0
ORD000248,P0088,4,576180.0
ORD000249,P0032,2,12000.0
ORD000249,P0006,5,79384.0
ORD000250,P0035,4,15205.0
ORD000251,P0048,2,12000.0
ORD000251,P0029,3,25000.0
ORD000252,P0067,1,14999750.0
ORD000252,P0055,5,256785.0
ORD000253,P0026,21,65000.0
ORD000254,P0010,4,165000.0
ORD000255,P0033,1,69000.0
ORD000255,P0008,1,65000.0
ORD000256,P0076,2,1708410.0
ORD000256,P0089,2,1725570.0
ORD000256,P0005,2,79000.0
ORD000256,P0007,2,99000.0
ORD000256,P0043,5,3190000.0
ORD000257,P0062,11,44999750.0
ORD000257,P0049,7,118688.0
ORD000257,P0009,7,16868.0
ORD000257,P0073,12,2499750.0
ORD000257,P0074,7,499750.0
ORD000258,P0085,24,1720950.0
ORD000258,P0023,9,38941.0
ORD000258,P0088,14,529702.0
ORD000258,P0084,15,745800.0
ORD000259,P0049,2,125000.0
ORD000259,P0085,5,1720950.0
ORD000260,P0085,5,1563626.0
ORD000260,P0067,3,14999750.0
ORD000261,P0085,2,1680427.0
ORD000261,P0029,1,25000.0
ORD000261,P0079,4,1578060.0
ORD000261,P0089,5,1725570.0
ORD000262,P0019,5,22000.0
ORD000262,P0005,1,79000.0
ORD000263,P0042,2,39618.0
ORD000263,P0068,2,8749750.0
ORD000263,P0043,5,3190000.0
ORD000264,P0071,4,13749750.0
ORD000265,P0003,19,14000.0
ORD000265,P0017,12,9000.0
ORD000265,P0089,16,1725570.0
ORD000266,P0087,3,681780.0
ORD000267,P0019,12,22000.0
ORD000267,P0048,11,11369.0
ORD000267,P0068,6,8749750.0
ORD000267,P0043,6,3190000.0
ORD000268,P0087,2,681780.0
ORD000268,P0007,12,99000.0
ORD000269,P0043,5,3190000.0
ORD000269,P0008,4,65000.0
ORD000269,P0018,2,38000.0
ORD000269,P0049,3,125000.0
ORD000270,P0056,7,172642.0
ORD000270,P0079,3,1494209.0
ORD000270,P0076,12,1708410.0
ORD000270,P0089,12,1725570.0
ORD000271,P0028,2,78000.0
ORD000271,P0054,2,227313.0
ORD000272,P0088,2,558255.0
ORD000272,P0084,4,691581.0
ORD000272,P0086,3,461670.0
ORD000272,P0085,2,1720950.0
ORD000272,P0028,2,78000.0
ORD000272,P0049,5,125000.0
ORD000273,P0021,5,7000.0
ORD000273,P0003,3,14000.0
ORD000273,P0017,4,9000.0
ORD000274,P0070,2,2944118.0
ORD000275,P0040,4,16839.0
ORD000275,P0022,5,18000.0
ORD000276,P0010,2,165000.0
ORD000277,P0056,3,180000.0
ORD000277,P0005,4,79000.0
ORD000278,P0077,5,1707183.0
ORD000278,P0083,2,591690.0
ORD000279,P0083,2,539100.0
ORD000279,P0082,1,1052984.0
ORD000280,P0088,9,576180.0
ORD000280,P0015,27,45000.0
ORD000280,P0005,14,79000.0
ORD000281,P0083,3,591690.0
ORD000282,P0079,4,1578060.0
ORD000282,P0089,5,1725570.0
ORD000283,P0076,1,1708410.0
ORD000283,P0089,4,1578069.0
ORD000283,P0015,3,45000.0
ORD000284,P0016,4,24206.0
ORD000284,P0040,5,18000.0
ORD000284,P0052,4,290000.0
ORD000285,P0019,5,21753.0
ORD000286,P0047,2,71834.0
ORD000286,P0032,3,10802.0
ORD000286,P0006,1,82000.0
ORD000287,P0055,22,257351.0
ORD000288,P0007,3,99000.0
ORD000288,P0043,5,3190000.0
ORD000288,P0048,1,11010.0
ORD000289,P0074,4,452295.0
ORD000289,P0058,5,350000.0
ORD000289,P0043,3,3190000.0
ORD000289,P0082,1,1100220.0
ORD000290,P0032,1,11612.0
ORD000290,P0025,3,13867.0
ORD000290,P0004,1,42000.0
ORD000290,P0089,2,1725570.0
ORD000291,P0010,1,161939.0
ORD000291,P0072,2,1999750.0
ORD000292,P0070,1,3249750.0
ORD000292,P0009,5,18000.0
ORD000293,P0008,3,65000.0
ORD000293,P0042,2,42000.0
ORD000294,P0039,5,28000.0
ORD000294,P0012,1,5000.0
ORD000295,P0063,15,34999750.0
ORD000295,P0045,6,1850000.0
ORD000296,P0008,6,65000.0
ORD000296,P0035,5,15366.0
ORD000297,P0012,4,5000.0
ORD000297,P0076,2,1708410.0
ORD000298,P0085,1,1720950.0
ORD000299,P0026,1,61617.0
ORD000299,P0032,4,12000.0
ORD000299,P0045,2,1850000.0
ORD000300,P0019,4,22000.0
ORD000301,P0059,5,55000.0
ORD000302,P0036,25,185000.0
ORD000302,P0053,7,165000.0
ORD000303,P0069,3,2499750.0
ORD000303,P0040,3,17717.0
ORD000303,P0026,3,61909.0
ORD000304,P0027,10,85775.0
ORD000305,P0035,4,16000.0
ORD000305,P0028,5,78000.0
ORD000306,P0059,4,53923.0
ORD000306,P0013,5,4780.0
ORD000306,P0008,4,65000.0
ORD000306,P0002,5,16823.0
ORD000306,P0043,2,3190000.0
ORD000306,P0006,5,82000.0
ORD000307,P0085,4,1561256.0
ORD000307,P0052,5,286674.0
ORD000307,P0059,3,55000.0
ORD000308,P0056,22,167062.0
ORD000309,P0040,3,18000.0
ORD000310,P0072,3,1912138.0
ORD000310,P0024,3,8000.0
ORD000311,P0023,5,40292.0
ORD000311,P0055,3,258584.0
ORD000311,P0025,2,15000.0
ORD000312,P0088,7,576180.0
ORD000312,P0076,6,1555404.0
ORD000312,P0069,4,2499750.0
ORD000312,P0051,9,320000.0
ORD000312,P0035,10,16000.0
ORD000312,P0058,12,329950.0
ORD000313,P0074,22,499750.0
ORD000313,P0035,18,16000.0
ORD000314,P0009,5,17042.0
ORD000314,P0058,2,350000.0
ORD000315,P0037,28,95000.0
ORD000316,P0086,1,420488.0
ORD000317,P0083,1,591690.0
ORD000317,P0050,3,404166.0
ORD000317,P0088,3,576180.0
ORD000318,P0035,13,16000.0
ORD000319,P0058,12,350000.0
ORD000319,P0010,9,150034.0
ORD000320,P0039,3,28000.0
ORD000320,P0083,3,563122.0
ORD000321,P0036,1,185000.0
ORD000321,P0066,4,12499750.0
ORD000322,P0006,19,75940.0
ORD000322,P0058,11,350000.0
ORD000323,P0035,4,14602.0
ORD000323,P0010,2,165000.0
ORD000324,P0048,1,12000.0
ORD000325,P0012,22,5000.0
ORD000326,P0044,1,895957.0
ORD000326,P0003,1,14000.0
ORD000326,P0055,2,253612.0
ORD000327,P0055,5,280000.0
ORD000327,P0006,3,79653.0
ORD000327,P0043,1,3190000.0
ORD000328,P0038,5,35000.0
ORD000329,P0002,4,18000.0
ORD000329,P0011,2,5000.0
ORD000329,P0017,3,9000.0
ORD000330,P0053,5,165000.0
ORD000330,P0064,1,27167312.0
ORD000330,P0055,5,280000.0
ORD000331,P0056,4,180000.0
ORD000331,P0019,2,22000.0
ORD000332,P0038,1,32054.0
ORD000332,P0029,1,25000.0
ORD000333,P0052,1,290000.0
ORD000333,P0059,4,51359.0
ORD000333,P0068,2,8749750.0
ORD000334,P0019,2,22000.0
ORD000334,P0055,3,280000.0
ORD000335,P0013,3,5000.0
ORD000336,P0087,4,626883.0
ORD000336,P0084,4,689959.0
ORD000336,P0052,4,267438.0
ORD000337,P0053,4,165000.0
ORD000337,P0015,1,45000.0
ORD000337,P0002,2,18000.0
ORD000337,P0005,1,79000.0
ORD000338,P0058,9,338540.0
ORD000338,P0008,2,61213.0
ORD000339,P0033,3,69000.0
ORD000339,P0006,3,82000.0
ORD000339,P0056,5,180000.0
ORD000339,P0078,2,1500016.0
ORD000339,P0079,3,1428039.0
ORD000340,P0042,2,42000.0
ORD000340,P0005,3,79000.0
ORD000341,P0052,3,290000.0
ORD000341,P0019,4,22000.0
ORD000341,P0068,1,8749750.0
ORD000341,P0043,5,3190000.0
ORD000341,P0032,5,11288.0
ORD000341,P0006,3,80777.0
ORD000342,P0008,2,65000.0
ORD000342,P0035,2,16000.0
ORD000342,P0016,1,25000.0
ORD000342,P0087,5,642681.0
ORD000343,P0018,3,38000.0
ORD000343,P0019,3,22000.0
ORD000344,P0040,13,18000.0
ORD000344,P0050,16,407097.0
ORD000345,P0015,1,45000.0
ORD000345,P0063,3,34999750.0
ORD000345,P0045,4,1850000.0
ORD000346,P0028,2,78000.0
ORD000347,P0014,5,11158.0
ORD000347,P0040,3,18000.0
ORD000348,P0066,5,12499750.0
ORD000348,P0085,1,1720950.0
ORD000348,P0030,2,14000.0
ORD000349,P0052,8,290000.0
ORD000349,P0059,7,55000.0
ORD000349,P0086,10,453249.0
ORD000349,P0025,7,15000.0
ORD000350,P0026,4,60931.0
ORD000350,P0032,4,12000.0
ORD000351,P0077,5,1610195.0
ORD000351,P0013,4,5000.0
ORD000352,P0050,4,420000.0
ORD000352,P0085,3,1595927.0
ORD000353,P0015,2,45000.0
ORD000353,P0016,3,25000.0
ORD000353,P0057,1,220000.0
ORD000353,P0056,3,180000.0
ORD000354,P0088,9,576180.0
ORD000354,P0034,27,85000.0
ORD000354,P0066,10,12499750.0
ORD000355,P0005,3,75970.0
ORD000355,P0026,3,65000.0
ORD000355,P0057,3,220000.0
ORD000355,P0008,5,65000.0
ORD000355,P0018,2,38000.0
ORD000356,P0030,30,13373.0
ORD000356,P0084,21,719048.0
ORD000357,P0011,3,5000.0
ORD000357,P0012,1,5000.0
ORD000357,P0002,2,18000.0
ORD000357,P0032,3,12000.0
ORD000358,P0010,5,165000.0
ORD000358,P0003,4,14000.0
ORD000358,P0017,3,9000.0
ORD000358,P0038,3,35000.0
ORD000359,P0018,5,36296.0
ORD000359,P0017,5,9000.0
ORD000359,P0032,1,11624.0
ORD000359,P0006,5,82000.0
ORD000359,P0078,2,1513529.0
ORD000360,P0019,5,22000.0
ORD000361,P0035,3,16000.0
ORD000361,P0019,1,22000.0
ORD000362,P0005,3,79000.0
ORD000362,P0029,4,25000.0
ORD000363,P0082,10,1100220.0
ORD000363,P0074,3,499750.0
ORD000363,P0086,8,461670.0
ORD000363,P0033,11,66704.0
ORD000363,P0006,4,82000.0
ORD000364,P0036,4,185000.0
ORD000364,P0022,5,17800.0
ORD000364,P0038,5,35000.0
ORD000365,P0045,4,1850000.0
ORD000365,P0056,2,180000.0
ORD000366,P0009,4,18000.0
ORD000366,P0008,3,65000.0
ORD000366,P0068,5,8749750.0
ORD000367,P0035,2,16000.0
ORD000367,P0028,2,78000.0
ORD000367,P0034,4,85000.0
ORD000367,P0041,1,680000.0
ORD000367,P0042,4,42000.0
ORD000368,P0078,3,1530293.0
ORD000368,P0079,1,1578060.0
ORD000368,P0035,1,16000.0
ORD000369,P0070,7,3249750.0
ORD000369,P0056,2,180000.0
ORD000370,P0084,1,745800.0
ORD000370,P0007,4,99000.0
ORD000370,P0043,4,3190000.0
ORD000371,P0035,12,16000.0
ORD000371,P0050,11,420000.0
ORD000371,P0075,8,2499750.0
ORD000371,P0009,12,17475.0
ORD000372,P0027,23,92000.0
ORD000372,P0051,15,320000.0
ORD000373,P0073,22,2499750.0
ORD000374,P0059,2,55000.0
ORD000374,P0048,4,12000.0
ORD000375,P0084,3,698757.0
ORD000375,P0086,1,461670.0
ORD000375,P0065,4,37499750.0
ORD000375,P0006,3,82000.0
ORD000375,P0043,3,3190000.0
ORD000376,P0003,18,14000.0
ORD000377,P0024,1,7550.0
ORD000378,P0079,28,1578060.0
ORD000378,P0036,8,185000.0
ORD000378,P0033,23,67885.0
ORD000379,P0071,28,13749750.0
ORD000379,P0028,18,78000.0
ORD000380,P0023,8,42000.0
ORD000380,P0052,5,283953.0
ORD000380,P0059,4,55000.0
ORD000381,P0084,3,745800.0
ORD000381,P0005,3,75972.0
ORD000381,P0067,5,14657579.0
ORD000382,P0023,4,38836.0
ORD000382,P0008,1,64002.0
ORD000382,P0076,4,1680024.0
ORD000382,P0089,3,1689175.0
ORD000382,P0019,1,21183.0
ORD000382,P0082,5,1100220.0
ORD000383,P0029,2,25000.0
ORD000383,P0061,2,49999750.0
ORD000384,P0046,4,826584.0
ORD000385,P0076,2,1637066.0
ORD000385,P0018,12,38000.0
ORD000385,P0019,3,20193.0
ORD000385,P0017,4,9000.0
ORD000386,P0087,4,670562.0
ORD000387,P0018,4,38000.0
ORD000388,P0026,4,60662.0
ORD000388,P0059,4,55000.0
ORD000388,P0038,4,35000.0
ORD000388,P0037,3,88899.0
ORD000388,P0014,2,11565.0
ORD000389,P0006,5,79777.0
ORD000389,P0043,1,3190000.0
ORD000390,P0012,4,5000.0
ORD000390,P0082,3,1033067.0
ORD000390,P0005,3,79000.0
ORD000391,P0025,2,15000.0
ORD000391,P0032,4,10963.0
ORD000391,P0006,4,82000.0
ORD000391,P0083,2,591690.0
ORD000391,P0077,2,1773420.0
ORD000392,P0089,1,1687640.0
ORD000392,P0005,1,79000.0
ORD000393,P0045,2,1850000.0
ORD000394,P0070,1,3249750.0
ORD000395,P0041,1,680000.0
ORD000396,P0066,3,12499750.0
ORD000396,P0067,1,14238424.0
ORD000397,P0022,10,18000.0
ORD000397,P0071,17,13749750.0
ORD000398,P0074,1,472833.0
ORD000398,P0067,4,14999750.0
ORD000399,P0008,3,62457.0
ORD000399,P0038,2,33161.0
ORD000399,P0033,5,69000.0
ORD000399,P0006,4,82000.0
ORD000400,P0060,21,390000.0
ORD000400,P0028,8,78000.0
ORD000400,P0023,28,42000.0
ORD000400,P0038,13,35000.0
ORD000400,P0050,23,420000.0
ORD000401,P0017,4,8464.0
ORD000401,P0035,3,16000.0
ORD000402,P0089,1,1725570.0
ORD000402,P0086,1,461670.0
ORD000403,P0088,3,576180.0
ORD000403,P0043,2,3190000.0
ORD000403,P0032,2,12000.0
ORD000404,P0058,29,350000.0
ORD000404,P0039,20,28000.0
ORD000404,P0056,8,180000.0
ORD000405,P0078,8,1653300.0
ORD000405,P0018,27,38000.0
ORD000406,P0049,5,122682.0
ORD000406,P0026,4,65000.0
ORD000407,P0049,24,116401.0
ORD000407,P0025,27,15000.0
ORD000408,P0039,4,28000.0
ORD000408,P0045,3,1729997.0
ORD000409,P0042,2,42000.0
ORD000409,P0088,2,576180.0
ORD000409,P0084,1,734520.0
ORD000410,P0090,5,1155660.0
ORD000410,P0032,1,12000.0
ORD000410,P0006,1,82000.0
ORD000411,P0030,5,14000.0
ORD000411,P0032,1,11801.0
ORD000411,P0006,4,80904.0
ORD000412,P0072,2,1927228.0
ORD000412,P0087,5,681780.0
ORD000412,P0076,1,1708410.0
ORD000412,P0089,3,1725570.0
ORD000413,P0070,2,3249750.0
ORD000413,P0002,5,18000.0
ORD000413,P0042,2,42000.0
ORD000413,P0026,4,65000.0
ORD000413,P0016,4,24642.0
ORD000414,P0070,15,3249750.0
ORD000414,P0064,29,27499750.0
ORD000415,P0057,26,215296.0
ORD000415,P0083,28,580939.0
ORD000415,P0006,5,80444.0
ORD000416,P0018,6,38000.0
ORD000416,P0019,10,22000.0
ORD000416,P0073,4,2499750.0
ORD000417,P0028,5,78000.0
ORD000417,P0030,2,12983.0
ORD000418,P0034,1,85000.0
ORD000419,P0075,5,2499750.0
ORD000419,P0089,4,1725570.0
ORD000419,P0082,2,1100220.0
ORD000419,P0056,5,180000.0
ORD000419,P0048,3,12000.0
ORD000420,P0009,26,18000.0
ORD000420,P0038,23,35000.0
ORD000421,P0038,18,31955.0
ORD000421,P0039,9,28000.0
ORD000422,P0012,4,5000.0
ORD000422,P0019,3,22000.0
ORD000422,P0042,1,42000.0
ORD000422,P0068,1,8749750.0
ORD000423,P0013,14,4597.0
ORD000424,P0007,4,99000.0
ORD000424,P0043,5,3190000.0
ORD000425,P0059,4,55000.0
ORD000425,P0015,1,44105.0
ORD000425,P0008,3,65000.0
ORD000426,P0071,5,13749750.0
ORD000426,P0028,1,73863.0
ORD000426,P0058,4,350000.0
ORD000427,P0088,5,576180.0
ORD000427,P0084,4,745800.0
ORD000427,P0018,4,34280.0
ORD000428,P0028,7,78000.0
ORD000428,P0023,18,42000.0
ORD000428,P0011,6,5000.0
ORD000428,P0009,15,18000.0
ORD000429,P0013,1,5000.0
ORD000430,P0069,1,2499750.0
ORD000430,P0051,2,288536.0
ORD000430,P0011,5,4804.0
ORD000431,P0050,2,420000.0
ORD000432,P0049,6,116777.0
ORD000432,P0005,7,72613.0
ORD000432,P0076,10,1708410.0
ORD000432,P0055,4,266190.0
ORD000432,P0058,6,350000.0
ORD000433,P0025,7,15000.0
ORD000433,P0038,9,35000.0
ORD000434,P0053,1,158490.0
ORD000434,P0002,4,18000.0
ORD000435,P0008,7,60702.0
ORD000435,P0079,11,1578060.0
ORD000436,P0086,3,461670.0
ORD000436,P0039,5,28000.0
ORD000437,P0005,2,79000.0
ORD000437,P0045,5,1850000.0
ORD000437,P0062,5,44999750.0
ORD000437,P0002,1,18000.0
ORD000437,P0057,1,220000.0
ORD000438,P0018,18,38000.0
ORD000438,P0089,25,1725570.0
ORD000438,P0048,15,12000.0
ORD000439,P0045,8,1850000.0
ORD000439,P0046,7,890000.0
ORD000440,P0003,3,14000.0
ORD000440,P0089,1,1725570.0
ORD000440,P0086,4,440123.0
ORD000441,P0022,5,17729.0
ORD000442,P0056,6,169159.0
ORD000442,P0052,14,290000.0
ORD000442,P0059,18,55000.0
ORD000442,P0006,26,82000.0
ORD000442,P0043,6,3190000.0
ORD000443,P0022,5,18000.0
ORD000443,P0053,3,165000.0
ORD000443,P0058,1,350000.0
ORD000444,P0053,6,165000.0
ORD000445,P0074,3,499750.0
ORD000446,P0030,5,13305.0
ORD000446,P0033,1,69000.0
ORD000446,P0006,2,78527.0
ORD000447,P0061,4,49999750.0
ORD000447,P0089,1,1725570.0
ORD000447,P0029,1,25000.0
ORD000448,P0055,4,280000.0
ORD000449,P0004,5,39160.0
ORD000450,P0080,1,1789590.0
ORD000451,P0035,3,16000.0
ORD000451,P0073,5,2474234.0
ORD000451,P0074,4,452716.0
ORD000451,P0086,2,420938.0
ORD000452,P0028,14,72500.0
ORD000452,P0038,6,35000.0
ORD000452,P0056,13,175794.0
ORD000453,P0042,4,40238.0
ORD000454,P0029,5,25000.0
ORD000454,P0034,5,85000.0
ORD000455,P0036,1,185000.0
ORD000455,P0028,5,78000.0
ORD000455,P0081,5,747450.0
ORD000455,P0086,5,461670.0
ORD000456,P0075,3,2499750.0
ORD000456,P0028,3,72268.0
ORD000457,P0025,1,15000.0
ORD000458,P0068,5,7881495.0
ORD000458,P0078,3,1653300.0
ORD000458,P0079,3,1477605.0
ORD000459,P0058,12,350000.0
ORD000460,P0073,2,2499750.0
ORD000460,P0065,4,37499750.0
ORD000461,P0079,3,1578060.0
ORD000461,P0089,4,1725570.0
ORD000462,P0027,2,83328.0
ORD000462,P0052,4,290000.0
ORD000462,P0004,1,42000.0
ORD000463,P0059,1,51410.0
ORD000464,P0040,3,18000.0
ORD000464,P0033,8,69000.0
ORD000464,P0006,3,82000.0
ORD000465,P0063,12,34999750.0
ORD000465,P0045,5,1850000.0
ORD000465,P0054,4,245000.0
ORD000466,P0029,5,25000.0
ORD000467,P0032,12,12000.0
ORD000467,P0073,11,2499750.0
ORD000467,P0074,2,499750.0
ORD000467,P0076,4,1708410.0
ORD000467,P0038,12,35000.0
ORD000468,P0019,21,20446.0
ORD000468,P0045,19,1850000.0
ORD000468,P0089,11,1725570.0
ORD000469,P0068,4,8749750.0
ORD000469,P0043,1,3190000.0
ORD000469,P0078,2,1553102.0
ORD000469,P0079,4,1539777.0
ORD000470,P0012,2,5000.0
ORD000471,P0005,6,76870.0
ORD000472,P0035,2,16000.0
ORD000472,P0028,1,78000.0
ORD000472,P0006,1,82000.0
ORD000472,P0043,2,3190000.0
ORD000472,P0071,1,13749750.0
ORD000473,P0038,11,35000.0
ORD000474,P0009,3,18000.0
ORD000475,P0025,5,15000.0
ORD000475,P0055,1,271940.0
ORD000475,P0005,5,79000.0
ORD000476,P0059,26,55000.0
ORD000476,P0088,15,576180.0
ORD000476,P0029,23,25000.0
ORD000477,P0063,5,34999750.0
ORD000477,P0045,2,1850000.0
ORD000477,P0003,3,14000.0
ORD000478,P0065,3,37499750.0
ORD000479,P0073,3,2499750.0
ORD000479,P0074,2,499750.0
ORD000480,P0020,7,76899.0
ORD000480,P0079,9,1438087.0
ORD000480,P0089,10,1725570.0
ORD000480,P0017,30,8291.0
ORD000481,P0065,19,34429499.0
ORD000481,P0022,30,18000.0
ORD000482,P0038,4,35000.0
ORD000482,P0055,4,280000.0
ORD000483,P0065,14,37499750.0
ORD000484,P0042,5,39215.0
ORD000485,P0044,8,920000.0
ORD000485,P0057,23,220000.0
ORD000486,P0065,2,37499750.0
ORD000486,P0045,1,1725175.0
ORD000486,P0044,1,920000.0
ORD000486,P0061,2,49999750.0
ORD000487,P0052,4,290000.0
ORD000488,P0038,5,33574.0
ORD000489,P0079,3,1552340.0
ORD000489,P0008,4,65000.0
ORD000490,P0071,4,13749750.0
ORD000491,P0017,11,9000.0
ORD000492,P0089,10,1725570.0
ORD000493,P0004,8,42000.0
ORD000494,P0005,4,75397.0
ORD000494,P0019,3,22000.0
ORD000494,P0073,3,2433547.0
ORD000494,P0074,3,499750.0
ORD000495,P0075,2,2499750.0
ORD000495,P0002,5,18000.0
ORD000495,P0036,4,185000.0
ORD000495,P0077,2,1773420.0
ORD000496,P0005,4,79000.0
ORD000496,P0075,5,2328142.0
ORD000497,P0035,11,15432.0
ORD000498,P0077,19,1673036.0
ORD000499,P0087,1,681780.0
ORD000500,P0023,5,42000.0
ORD000501,P0020,4,85000.0
ORD000501,P0052,5,272405.0
ORD000502,P0010,1,165000.0
ORD000502,P0030,2,13802.0
ORD000503,P0018,24,38000.0
ORD000503,P0019,8,22000.0
ORD000503,P0038,22,32495.0
ORD000504,P0014,3,12000.0
ORD000504,P0026,1,65000.0
ORD000504,P0068,5,8749750.0
ORD000505,P0034,1,82437.0
ORD000505,P0089,4,1599464.0
ORD000505,P0086,2,438270.0
ORD000505,P0077,3,1773420.0
ORD000505,P0083,4,572871.0
ORD000506,P0062,2,44999750.0
ORD000506,P0049,4,125000.0
ORD000506,P0078,3,1519183.0
ORD000506,P0079,2,1421551.0
ORD000507,P0078,1,1653300.0
ORD000507,P0079,5,1578060.0
ORD000507,P0089,5,1725570.0
ORD000507,P0016,2,25000.0
ORD000508,P0044,17,910068.0
ORD000509,P0076,1,1708410.0
ORD000509,P0089,5,1725570.0
ORD000509,P0056,5,180000.0
ORD000510,P0073,5,2499750.0
ORD000510,P0074,1,499750.0
ORD000510,P0043,5,3023188.0
ORD000510,P0038,1,35000.0
ORD000511,P0012,4,4555.0
ORD000511,P0069,2,2499750.0
ORD000511,P0083,2,591690.0
ORD000512,P0033,1,65326.0
ORD000512,P0006,3,82000.0
ORD000512,P0038,4,35000.0
ORD000513,P0089,2,1646527.0
ORD000513,P0046,2,890000.0
ORD000513,P0061,3,49999750.0
ORD000513,P0058,5,350000.0
ORD000514,P0015,1,45000.0
ORD000514,P0016,3,24068.0
ORD000514,P0087,2,648187.0
ORD000514,P0059,5,55000.0
ORD000515,P0003,1,14000.0
ORD000515,P0008,3,59356.0
ORD000516,P0089,6,1725570.0
ORD000516,P0086,9,461670.0
ORD000517,P0025,30,14807.0
ORD000517,P0009,22,18000.0
ORD000518,P0002,3,18000.0
ORD000518,P0011,3,4612.0
ORD000519,P0089,5,1689894.0
ORD000520,P0087,1,681780.0
ORD000520,P0036,3,185000.0
ORD000520,P0028,4,70275.0
ORD000520,P0008,4,65000.0
ORD000521,P0090,1,1113170.0
ORD000521,P0081,3,747450.0
ORD000522,P0055,2,280000.0
ORD000522,P0088,1,576180.0
ORD000522,P0079,4,1578060.0
ORD000522,P0089,1,1725570.0
ORD000523,P0012,3,4932.0
ORD000523,P0027,5,83093.0
ORD000523,P0026,4,63463.0
ORD000524,P0027,5,92000.0
ORD000524,P0010,20,165000.0
ORD000525,P0043,3,3190000.0
ORD000525,P0006,4,77759.0
ORD000526,P0015,2,45000.0
ORD000526,P0016,3,22861.0
ORD000526,P0038,2,34523.0
ORD000526,P0032,3,12000.0
ORD000527,P0012,1,4557.0
ORD000527,P0068,3,8749750.0
ORD000527,P0036,2,185000.0
ORD000528,P0038,2,35000.0
ORD000528,P0026,1,64316.0
ORD000528,P0043,2,3190000.0
ORD000529,P0009,2,18000.0
ORD000529,P0066,3,12294990.0
ORD000529,P0055,4,280000.0
ORD000530,P0028,1,78000.0
ORD000530,P0056,1,180000.0
ORD000531,P0022,3,16363.0
ORD000531,P0082,2,1100220.0
ORD000531,P0017,4,9000.0
ORD000532,P0049,7,119125.0
ORD000533,P0052,25,266035.0
ORD000533,P0059,19,49871.0
ORD000533,P0010,22,165000.0
ORD000534,P0015,9,45000.0
ORD000534,P0016,3,22652.0
ORD000534,P0038,8,35000.0
ORD000535,P0088,5,568942.0
ORD000535,P0084,2,745800.0
ORD000535,P0087,5,681780.0
ORD000536,P0017,28,9000.0
ORD000536,P0015,14,41700.0
ORD000536,P0016,13,25000.0
ORD000537,P0005,2,79000.0
ORD000538,P0032,5,12000.0
ORD000539,P0006,1,82000.0
ORD000539,P0076,5,1708410.0
ORD000539,P0089,4,1592979.0
ORD000540,P0039,4,28000.0
ORD000541,P0009,1,18000.0
ORD000541,P0017,2,8657.0
ORD000541,P0078,2,1653300.0
ORD000541,P0079,1,1578060.0
ORD000542,P0013,1,5000.0
ORD000542,P0068,1,8749750.0
ORD000542,P0043,5,3190000.0
ORD000542,P0009,1,16372.0
ORD000543,P0043,4,3190000.0
ORD000544,P0012,12,5000.0
ORD000544,P0076,18,1708410.0
ORD000544,P0089,16,1725570.0
ORD000544,P0027,12,88467.0
ORD000545,P0020,5,85000.0
ORD000545,P0087,4,681780.0
ORD000545,P0026,5,65000.0
ORD000545,P0008,4,65000.0
ORD000545,P0029,3,25000.0
ORD000546,P0058,4,350000.0
ORD000546,P0086,4,420205.0
ORD000546,P0075,4,2312426.0
ORD000546,P0063,1,34999750.0
ORD000546,P0045,2,1850000.0
ORD000547,P0061,2,49999750.0
ORD000547,P0037,5,95000.0
ORD000548,P0035,2,16000.0
ORD000548,P0052,2,261448.0
ORD000548,P0059,5,55000.0
ORD000549,P0078,2,1653300.0
ORD000549,P0076,2,1708410.0
ORD000549,P0089,2,1725570.0
ORD000550,P0009,2,18000.0
ORD000551,P0050,9,406278.0
ORD000552,P0039,2,28000.0
ORD000552,P0058,8,350000.0
ORD000552,P0002,9,18000.0
ORD000552,P0011,6,4726.0
ORD000553,P0088,4,576180.0
ORD000553,P0084,2,745800.0
ORD000554,P0061,2,49999750.0
ORD000555,P0009,22,18000.0
ORD000555,P0033,11,69000.0
ORD000556,P0086,5,461670.0
ORD000557,P0087,3,658130.0
ORD000557,P0002,2,16358.0
ORD000557,P0011,4,4727.0
ORD000558,P0042,2,38409.0
ORD000558,P0079,5,1578060.0
ORD000558,P0089,5,1725570.0
ORD000558,P0015,3,45000.0
ORD000559,P0086,5,461670.0
ORD000559,P0005,4,79000.0
ORD000559,P0063,1,34999750.0
ORD000560,P0045,2,1741713.0
ORD000560,P0040,4,17436.0
ORD000560,P0016,4,25000.0
ORD000560,P0027,2,90846.0
ORD000561,P0037,5,88695.0
ORD000561,P0055,4,280000.0
ORD000562,P0006,4,82000.0
ORD000562,P0062,3,44999750.0
ORD000562,P0015,5,42383.0
ORD000562,P0016,1,25000.0
ORD000562,P0034,1,83557.0
ORD000562,P0050,4,420000.0
ORD000563,P0043,11,2888915.0
ORD000563,P0042,7,41499.0
ORD000563,P0025,5,15000.0
ORD000563,P0005,2,75961.0
ORD000563,P0015,6,45000.0
ORD000563,P0016,4,25000.0
ORD000564,P0063,8,34999750.0
ORD000564,P0047,6,78000.0
ORD000565,P0072,22,1907245.0
ORD000565,P0088,7,548560.0
ORD000565,P0084,9,745800.0
ORD000566,P0086,2,461670.0
ORD000566,P0045,5,1850000.0
ORD000566,P0028,2,71517.0
ORD000566,P0073,5,2384974.0
ORD000567,P0052,7,290000.0
ORD000567,P0059,10,55000.0
ORD000567,P0076,7,1708410.0
ORD000567,P0089,4,1725570.0
ORD000567,P0083,7,591690.0
ORD000567,P0045,11,1850000.0
ORD000567,P0079,8,1578060.0
ORD000568,P0026,1,65000.0
ORD000568,P0055,1,280000.0
ORD000569,P0086,4,461670.0
ORD000569,P0009,4,18000.0
ORD000569,P0039,1,28000.0
ORD000570,P0037,12,95000.0
ORD000570,P0076,8,1708410.0
ORD000570,P0067,2,14059417.0
ORD000570,P0064,2,27499750.0
ORD000570,P0034,7,80470.0
ORD000571,P0050,4,408290.0
ORD000572,P0066,8,11391894.0
ORD000572,P0036,8,185000.0
ORD000573,P0077,5,1608651.0
ORD000573,P0083,4,591690.0
ORD000573,P0029,2,23928.0
ORD000573,P0009,3,18000.0
ORD000573,P0003,2,14000.0
ORD000573,P0017,5,8688.0
ORD000574,P0025,5,15000.0
ORD000574,P0086,2,461670.0
ORD000574,P0056,2,180000.0
ORD000575,P0073,4,2499750.0
ORD000575,P0074,3,499750.0
ORD000576,P0016,3,23589.0
ORD000577,P0067,5,14999750.0
ORD000578,P0004,7,42000.0
ORD000578,P0013,22,5000.0
ORD000578,P0008,19,61400.0
ORD000578,P0061,21,49150321.0
ORD000579,P0064,19,27499750.0
ORD000579,P0088,28,576180.0
ORD000579,P0084,15,745800.0
ORD000579,P0073,24,2499750.0
ORD000580,P0076,1,1708410.0
ORD000580,P0089,3,1725570.0
ORD000580,P0081,2,747450.0
ORD000580,P0023,1,42000.0
ORD000580,P0037,3,95000.0
ORD000581,P0002,17,18000.0
ORD000581,P0011,11,5000.0
ORD000581,P0042,8,42000.0
ORD000582,P0051,4,320000.0
ORD000582,P0060,3,390000.0
ORD000582,P0038,1,35000.0
ORD000583,P0003,3,14000.0
ORD000583,P0017,4,9000.0
ORD000584,P0007,5,93500.0
ORD000584,P0043,1,3190000.0
ORD000584,P0074,4,499750.0
ORD000584,P0065,1,36914504.0
ORD000585,P0013,3,4742.0
ORD000585,P0089,1,1687817.0
ORD000585,P0065,3,33895156.0
ORD000586,P0055,5,280000.0
ORD000586,P0075,2,2499750.0
ORD000587,P0012,28,5000.0
ORD000587,P0047,7,78000.0
ORD000588,P0079,2,1578060.0
ORD000588,P0067,4,14999750.0
ORD000588,P0064,1,27499750.0
ORD000589,P0028,1,71736.0
ORD000589,P0087,3,681780.0
ORD000590,P0018,4,38000.0
ORD000590,P0019,1,22000.0
ORD000590,P0015,5,45000.0
ORD000590,P0016,3,25000.0
ORD000590,P0079,5,1578060.0
ORD000591,P0045,2,1850000.0
ORD000591,P0006,5,82000.0
ORD000591,P0043,5,3190000.0
ORD000592,P0088,5,576180.0
ORD000592,P0084,4,745800.0
ORD000592,P0006,1,82000.0
ORD000592,P0043,3,3190000.0
ORD000592,P0025,2,13969.0
ORD000593,P0009,1,18000.0
ORD000593,P0045,3,1688615.0
ORD000593,P0062,1,44999750.0
ORD000593,P0049,4,125000.0
ORD000594,P0078,1,1653300.0
ORD000594,P0088,3,545800.0
ORD000594,P0044,2,892191.0
ORD000595,P0044,1,852934.0
ORD000595,P0032,3,11636.0
ORD000595,P0006,5,82000.0
ORD000596,P0014,2,12000.0
ORD000596,P0037,4,95000.0
ORD000596,P0019,1,22000.0
ORD000597,P0059,3,51436.0
ORD000597,P0083,4,547232.0
ORD000597,P0039,2,28000.0
ORD000597,P0087,5,664787.0
ORD000598,P0073,5,2390115.0
ORD000598,P0074,2,499750.0
ORD000598,P0010,3,165000.0
ORD000599,P0076,1,1708410.0
ORD000599,P0089,2,1725570.0
ORD000600,P0087,1,681780.0
ORD000600,P0063,1,34999750.0
ORD000600,P0045,3,1850000.0
ORD000601,P0083,4,591690.0
ORD000601,P0082,3,1003979.0
ORD000602,P0018,4,37052.0
ORD000602,P0019,1,22000.0
ORD000602,P0027,4,92000.0
ORD000603,P0038,1,32826.0
ORD000604,P0022,4,18000.0
ORD000604,P0046,1,890000.0
ORD000605,P0006,3,82000.0
ORD000606,P0059,2,55000.0
ORD000606,P0067,3,14764071.0
ORD000606,P0064,4,27499750.0
ORD000606,P0018,2,38000.0
ORD000606,P0019,1,22000.0
ORD000607,P0042,1,42000.0
ORD000608,P0024,1,8000.0
ORD000608,P0055,2,280000.0
ORD000608,P0039,5,28000.0
ORD000609,P0052,3,290000.0
ORD000609,P0059,8,55000.0
ORD000610,P0052,3,273212.0
ORD000610,P0059,4,55000.0
ORD000610,P0058,2,350000.0
ORD000611,P0047,2,78000.0
ORD000611,P0048,3,10874.0
ORD000611,P0016,4,25000.0
ORD000611,P0015,4,45000.0
ORD000611,P0058,2,350000.0
ORD000612,P0029,4,25000.0
ORD000613,P0045,2,1728950.0
ORD000613,P0060,4,353174.0
ORD000613,P0029,3,25000.0
ORD000614,P0056,5,180000.0
ORD000614,P0004,2,42000.0
ORD000615,P0015,1,45000.0
ORD000616,P0082,2,1100220.0
ORD000616,P0032,4,12000.0
ORD000616,P0006,3,82000.0
ORD000616,P0048,5,11666.0
ORD000617,P0050,3,420000.0
ORD000617,P0012,3,4613.0
ORD000617,P0046,3,890000.0
ORD000617,P0009,2,16321.0
ORD000618,P0028,13,78000.0
ORD000618,P0055,6,280000.0
ORD000618,P0048,13,12000.0
ORD000619,P0067,5,14448932.0
ORD000619,P0058,1,350000.0
ORD000620,P0008,4,65000.0
ORD000620,P0049,3,125000.0
ORD000620,P0087,3,667381.0
ORD000621,P0075,4,2499750.0
ORD000621,P0048,4,11394.0
ORD000621,P0078,1,1653300.0
ORD000622,P0085,5,1720950.0
ORD000622,P0022,1,16605.0
ORD000623,P0026,9,65000.0
ORD000623,P0028,20,78000.0
ORD000624,P0018,2,38000.0
ORD000624,P0076,3,1708410.0
ORD000624,P0078,5,1653300.0
ORD000624,P0079,1,1578060.0
ORD000624,P0028,4,74566.0
ORD000625,P0088,2,576180.0
ORD000625,P0084,2,745800.0
ORD000626,P0005,5,79000.0
ORD000626,P0025,1,14019.0
ORD000627,P0038,3,34367.0
ORD000628,P0019,5,22000.0
ORD000628,P0003,3,13782.0
ORD000628,P0055,4,280000.0
ORD000629,P0088,13,576180.0
ORD000629,P0084,12,691076.0
ORD000629,P0089,23,1725570.0
ORD000629,P0086,24,461670.0
ORD000630,P0071,1,13749750.0
ORD000630,P0002,4,18000.0
ORD000630,P0011,3,5000.0
ORD000630,P0058,5,350000.0
ORD000631,P0049,9,125000.0
ORD000631,P0087,10,681780.0
ORD000631,P0039,24,28000.0
ORD000631,P0023,12,42000.0
ORD000632,P0052,1,290000.0
ORD000632,P0059,3,55000.0
ORD000632,P0064,5,27499750.0
ORD000632,P0006,5,82000.0
ORD000632,P0024,2,8000.0
ORD000633,P0079,14,1578060.0
ORD000633,P0089,10,1725570.0
ORD000633,P0029,14,24552.0
ORD000633,P0073,5,2499750.0
ORD000633,P0074,11,472749.0
ORD000634,P0086,12,461670.0
ORD000634,P0035,23,16000.0
ORD000634,P0052,28,290000.0
ORD000635,P0042,2,38908.0
ORD000636,P0032,3,12000.0
ORD000636,P0006,1,78622.0
ORD000636,P0068,5,8749750.0
ORD000636,P0043,4,3190000.0
ORD000636,P0022,2,16597.0
ORD000637,P0024,8,8000.0
ORD000638,P0018,9,37052.0
ORD000638,P0019,5,22000.0
ORD000638,P0040,7,18000.0
ORD000638,P0016,21,24535.0
ORD000638,P0038,16,35000.0
ORD000639,P0030,2,14000.0
ORD000639,P0076,7,1677591.0
ORD000639,P0089,12,1725570.0
ORD000640,P0013,1,5000.0
ORD000640,P0017,3,9000.0
ORD000641,P0065,4,37499750.0
ORD000642,P0086,6,446027.0
ORD000642,P0026,28,65000.0
ORD000643,P0009,10,18000.0
ORD000643,P0026,13,62908.0
ORD000643,P0012,12,5000.0
ORD000644,P0069,5,2499750.0
ORD000644,P0051,14,304450.0
ORD000644,P0083,28,591690.0
ORD000644,P0088,9,533857.0
ORD000644,P0084,8,732917.0
ORD000645,P0079,2,1466713.0
ORD000645,P0066,5,12499750.0
ORD000646,P0008,5,65000.0
ORD000646,P0061,1,47822544.0
ORD000646,P0082,2,1100220.0
ORD000647,P0015,2,45000.0
ORD000647,P0067,1,14999750.0
ORD000647,P0064,5,27499750.0
ORD000648,P0035,2,15362.0
ORD000648,P0052,4,271237.0
ORD000649,P0010,19,165000.0
ORD000650,P0028,4,76265.0
ORD000650,P0010,5,165000.0
ORD000651,P0082,18,1100220.0
ORD000651,P0072,19,1999750.0
ORD000652,P0030,1,13373.0
ORD000652,P0076,3,1708410.0
ORD000652,P0089,5,1725570.0
ORD000652,P0037,1,86272.0
ORD000653,P0006,2,82000.0
ORD000653,P0043,2,2966174.0
ORD000653,P0019,2,22000.0
ORD000653,P0048,2,10839.0
ORD000654,P0043,28,3190000.0
ORD000654,P0006,30,82000.0
ORD000654,P0028,17,78000.0
ORD000655,P0065,5,37499750.0
ORD000656,P0018,9,38000.0
ORD000656,P0028,6,74245.0
ORD000656,P0029,8,25000.0
ORD000657,P0026,7,62680.0
ORD000657,P0062,9,44999750.0
ORD000657,P0049,2,125000.0
ORD000658,P0057,2,220000.0
ORD000658,P0029,4,25000.0
ORD000659,P0047,6,78000.0
ORD000659,P0069,23,2499750.0
ORD000659,P0051,5,320000.0
ORD000659,P0045,11,1797317.0
ORD000660,P0042,4,42000.0
ORD000661,P0068,4,8749750.0
ORD000661,P0043,5,3190000.0
ORD000662,P0012,5,4754.0
ORD000663,P0074,2,499750.0
ORD000663,P0087,4,681780.0
ORD000663,P0033,4,69000.0
ORD000664,P0018,10,35380.0
ORD000664,P0019,2,20344.0
ORD000664,P0041,8,680000.0
ORD000664,P0042,6,42000.0
ORD000664,P0055,8,266140.0
ORD000665,P0009,5,18000.0
ORD000665,P0019,4,22000.0
ORD000666,P0067,4,13936274.0
ORD000666,P0084,1,745800.0
ORD000666,P0019,4,22000.0
ORD000666,P0002,4,18000.0
ORD000666,P0011,5,4608.0
ORD000667,P0032,3,11707.0
ORD000667,P0028,5,78000.0
ORD000667,P0008,3,65000.0
ORD000668,P0079,11,1578060.0
ORD000669,P0089,6,1725570.0
ORD000669,P0086,25,461670.0
ORD000669,P0032,6,11561.0
ORD000669,P0006,13,82000.0
ORD000669,P0052,23,283529.0
ORD000669,P0059,20,52630.0
ORD000669,P0084,20,745800.0
ORD000670,P0005,1,79000.0
ORD000670,P0003,1,14000.0
ORD000670,P0015,5,45000.0
ORD000671,P0029,5,23324.0
ORD000671,P0059,1,51496.0
ORD000671,P0083,1,591690.0
ORD000672,P0016,1,25000.0
ORD000672,P0005,5,79000.0
ORD000673,P0050,1,407814.0
ORD000673,P0042,2,42000.0
ORD000673,P0011,4,5000.0
ORD000674,P0087,2,681780.0
ORD000674,P0079,4,1578060.0
ORD000674,P0067,2,14999750.0
ORD000674,P0064,2,27499750.0
ORD000675,P0044,2,920000.0
ORD000675,P0052,5,290000.0
ORD000675,P0059,5,55000.0
ORD000676,P0074,2,499750.0
ORD000676,P0019,4,22000.0
ORD000676,P0062,1,44999750.0
ORD000676,P0049,2,125000.0
ORD000677,P0058,1,350000.0
ORD000677,P0083,4,591690.0
ORD000678,P0015,9,41523.0
ORD000678,P0016,7,25000.0
ORD000678,P0068,9,8749750.0
ORD000678,P0043,6,3190000.0
ORD000679,P0025,5,15000.0
ORD000679,P0052,5,264390.0
ORD000680,P0013,3,5000.0
ORD000680,P0032,2,12000.0
ORD000680,P0006,2,82000.0
ORD000680,P0042,2,42000.0
ORD000681,P0009,20,18000.0
ORD000682,P0009,4,18000.0
ORD000682,P0012,5,5000.0
ORD000682,P0070,4,3249750.0
ORD000683,P0070,2,3249750.0
ORD000683,P0033,1,69000.0
ORD000683,P0006,4,82000.0
ORD000683,P0076,4,1708410.0
ORD000684,P0076,3,1708410.0
ORD000684,P0089,1,1725570.0
ORD000684,P0088,4,519196.0
ORD000684,P0084,3,745800.0
ORD000685,P0058,3,350000.0
ORD000686,P0084,2,706910.0
ORD000686,P0045,4,1678322.0
ORD000686,P0072,1,1999750.0
ORD000687,P0055,4,280000.0
ORD000687,P0079,1,1517738.0
ORD000687,P0089,3,1725570.0
ORD000688,P0025,3,15000.0
ORD000689,P0048,4,12000.0
ORD000689,P0036,3,185000.0
ORD000689,P0016,4,25000.0
ORD000690,P0029,1,25000.0
ORD000691,P0087,4,662300.0
ORD000692,P0078,4,1653300.0
ORD000692,P0079,2,1578060.0
ORD000692,P0074,1,499750.0
ORD000693,P0019,4,22000.0
ORD000694,P0063,5,34999750.0
ORD000694,P0045,4,1850000.0
ORD000695,P0076,13,1708410.0
ORD000695,P0089,26,1703302.0
ORD000695,P0078,25,1653300.0
ORD000695,P0079,16,1578060.0
ORD000696,P0028,4,70364.0
ORD000696,P0059,3,55000.0
ORD000697,P0035,1,16000.0
ORD000697,P0087,2,660658.0
ORD000698,P0019,3,22000.0
ORD000698,P0083,5,591690.0
ORD000699,P0076,3,1638463.0
ORD000699,P0089,1,1725570.0
ORD000699,P0085,4,1612404.0
ORD000700,P0055,3,280000.0
ORD000701,P0087,2,681780.0
ORD000701,P0003,2,14000.0
ORD000701,P0073,2,2499750.0
ORD000701,P0074,3,499750.0
ORD000702,P0060,5,390000.0
ORD000702,P0039,5,27398.0
ORD000703,P0002,5,18000.0
ORD000703,P0011,5,4697.0
ORD000703,P0059,1,55000.0
ORD000703,P0079,4,1523244.0
ORD000703,P0078,1,1653300.0
ORD000703,P0007,5,99000.0
ORD000703,P0043,4,3190000.0
ORD000704,P0076,2,1569871.0
ORD000704,P0010,1,165000.0
ORD000705,P0069,5,2499750.0
ORD000705,P0030,1,12787.0
ORD000705,P0061,3,49999750.0
ORD000706,P0087,2,656252.0
ORD000706,P0015,2,45000.0
ORD000707,P0078,5,1636189.0
ORD000708,P0031,17,3775.0
ORD000708,P0006,10,77358.0
ORD000709,P0030,3,14000.0
ORD000709,P0028,5,76562.0
ORD000709,P0020,5,82172.0
ORD000709,P0025,3,15000.0
ORD000710,P0025,6,15000.0
ORD000710,P0088,21,576180.0
ORD000711,P0022,2,17686.0
ORD000711,P0061,2,49999750.0
ORD000711,P0040,1,18000.0
ORD000712,P0009,1,18000.0
ORD000712,P0079,4,1578060.0
ORD000712,P0089,5,1725570.0
ORD000713,P0038,2,35000.0
ORD000714,P0023,3,42000.0
ORD000714,P0036,5,185000.0
ORD000714,P0025,3,15000.0
ORD000714,P0056,5,180000.0
ORD000714,P0029,4,25000.0
ORD000715,P0088,4,576180.0
ORD000715,P0084,5,684215.0
ORD000715,P0015,1,41364.0
ORD000715,P0016,5,25000.0
ORD000716,P0086,2,440854.0
ORD000716,P0019,2,22000.0
ORD000716,P0059,5,52735.0
ORD000717,P0086,3,461670.0
ORD000717,P0042,3,38992.0
ORD000718,P0002,2,18000.0
ORD000718,P0006,3,82000.0
ORD000718,P0043,3,3190000.0
ORD000718,P0058,4,325259.0
ORD000719,P0039,1,26183.0
ORD000719,P0025,4,15000.0
ORD000719,P0008,5,65000.0
ORD000720,P0048,28,12000.0
ORD000720,P0039,29,27277.0
ORD000721,P0008,6,65000.0
ORD000722,P0028,2,78000.0
ORD000722,P0078,3,1653300.0
ORD000722,P0039,3,28000.0
ORD000723,P0038,5,35000.0
ORD000723,P0075,5,2499750.0
ORD000723,P0074,1,489044.0
ORD000724,P0056,5,163421.0
ORD000724,P0067,4,14999750.0
ORD000725,P0025,7,15000.0
ORD000725,P0040,23,18000.0
ORD000726,P0081,2,747450.0
ORD000726,P0082,3,1100220.0
ORD000726,P0027,2,87556.0
ORD000726,P0055,3,270016.0
ORD000726,P0035,5,16000.0
ORD000727,P0003,1,14000.0
ORD000728,P0015,1,45000.0
ORD000729,P0068,4,8749750.0
ORD000729,P0035,1,16000.0
ORD000730,P0015,3,45000.0
ORD000730,P0016,2,24300.0
ORD000730,P0086,3,461670.0
ORD000731,P0074,3,469302.0
ORD000732,P0008,2,65000.0
ORD000732,P0057,1,220000.0
ORD000732,P0035,2,16000.0
ORD000732,P0042,4,38031.0
ORD000732,P0087,2,654158.0
ORD000733,P0016,30,25000.0
ORD000734,P0018,2,35334.0
ORD000734,P0019,9,22000.0
ORD000735,P0053,7,165000.0
ORD000735,P0047,20,78000.0
ORD000735,P0048,18,11380.0
ORD000736,P0042,5,42000.0
ORD000737,P0068,1,8097080.0
ORD000737,P0018,5,38000.0
ORD000737,P0019,2,22000.0
ORD000738,P0042,12,42000.0
ORD000738,P0052,2,281874.0
ORD000738,P0059,12,55000.0
ORD000738,P0089,5,1555237.0
ORD000738,P0086,12,461670.0
ORD000739,P0050,11,420000.0
ORD000739,P0043,13,3190000.0
ORD000739,P0006,8,78637.0
ORD000740,P0030,3,12931.0
ORD000741,P0048,3,12000.0
ORD000742,P0086,2,423758.0
ORD000742,P0088,3,576180.0
ORD000743,P0005,8,79000.0
ORD000743,P0048,25,12000.0
ORD000744,P0087,4,681780.0
ORD000745,P0065,11,37499750.0
ORD000745,P0027,3,92000.0
ORD000746,P0070,4,3249750.0
ORD000746,P0075,2,2265643.0
ORD000746,P0087,3,681780.0
ORD000747,P0059,8,55000.0
ORD000747,P0018,21,38000.0
ORD000747,P0019,25,22000.0
ORD000748,P0048,1,12000.0
ORD000748,P0055,3,280000.0
ORD000748,P0015,4,45000.0
ORD000749,P0069,12,2499750.0
ORD000749,P0051,8,320000.0
ORD000749,P0009,12,18000.0
ORD000749,P0089,6,1666762.0
ORD000750,P0077,12,1773420.0
ORD000750,P0008,26,65000.0
ORD000751,P0050,8,387020.0
ORD000751,P0055,23,280000.0
ORD000751,P0079,24,1578060.0
ORD000752,P0078,1,1653300.0
ORD000752,P0046,2,890000.0
ORD000752,P0086,3,461670.0
ORD000753,P0023,3,38407.0
ORD000753,P0076,5,1621717.0
ORD000753,P0089,3,1670004.0
ORD000753,P0088,2,562984.0
ORD000753,P0084,3,745800.0
ORD000754,P0084,29,745800.0
ORD000754,P0008,13,61340.0
ORD000755,P0016,27,25000.0
ORD000756,P0061,2,47397488.0
ORD000756,P0018,4,38000.0
ORD000756,P0019,4,22000.0
ORD000757,P0029,2,25000.0
ORD000757,P0020,2,85000.0
ORD000757,P0076,3,1708410.0
ORD000757,P0089,1,1628066.0
ORD000757,P0015,4,45000.0
ORD000757,P0003,5,12842.0
ORD000757,P0017,2,8571.0
ORD000758,P0074,2,499750.0
ORD000758,P0033,3,69000.0
ORD000759,P0062,1,42946332.0
ORD000759,P0052,3,277834.0
ORD000759,P0059,5,50609.0
ORD000759,P0085,3,1720950.0
ORD000760,P0039,4,25573.0
ORD000760,P0087,3,681780.0
ORD000761,P0066,14,12499750.0
ORD000761,P0063,26,34999750.0
ORD000761,P0045,12,1850000.0
ORD000761,P0087,21,622452.0
ORD000762,P0088,2,558685.0
ORD000762,P0084,2,673199.0
ORD000762,P0069,4,2324420.0
ORD000762,P0071,1,13085091.0
ORD000762,P0008,4,60731.0
ORD000763,P0032,6,12000.0
ORD000764,P0040,1,16296.0
ORD000765,P0047,11,70881.0
ORD000765,P0048,26,11448.0
ORD000765,P0035,23,16000.0
ORD000765,P0003,19,13708.0
ORD000765,P0049,10,125000.0
ORD000765,P0078,19,1653300.0
ORD000766,P0028,5,78000.0
ORD000766,P0026,5,63986.0
ORD000766,P0032,5,11647.0
ORD000766,P0006,1,82000.0
ORD000767,P0088,4,565734.0
ORD000767,P0084,5,745800.0
ORD000768,P0047,4,78000.0
ORD000768,P0048,5,12000.0
ORD000769,P0044,3,920000.0
ORD000770,P0047,1,78000.0
ORD000770,P0048,1,11216.0
ORD000770,P0087,3,616819.0
ORD000770,P0028,4,73878.0
ORD000771,P0084,2,745800.0
ORD000771,P0009,5,18000.0
ORD000771,P0087,1,681780.0
ORD000772,P0002,2,18000.0
ORD000772,P0011,5,5000.0
ORD000772,P0076,4,1708410.0
ORD000772,P0089,3,1725570.0
ORD000773,P0076,4,1708410.0
ORD000773,P0089,1,1725570.0
ORD000774,P0058,4,350000.0
ORD000774,P0020,5,85000.0
ORD000775,P0036,2,175737.0
ORD000775,P0048,4,12000.0
ORD000775,P0026,5,61243.0
ORD000775,P0050,1,420000.0
ORD000776,P0075,1,2499750.0
ORD000776,P0022,5,16506.0
ORD000776,P0055,2,253103.0
ORD000777,P0085,28,1720950.0
ORD000777,P0032,19,12000.0
ORD000777,P0006,12,82000.0
ORD000777,P0058,14,350000.0
ORD000777,P0035,9,16000.0
ORD000777,P0015,15,45000.0
ORD000777,P0016,26,25000.0
ORD000778,P0065,5,37499750.0
ORD000778,P0029,17,22769.0
ORD000778,P0005,12,71350.0
ORD000779,P0042,2,42000.0
ORD000779,P0050,5,420000.0
ORD000779,P0035,4,16000.0
ORD000780,P0014,16,11266.0
ORD000780,P0056,14,180000.0
ORD000781,P0020,4,85000.0
ORD000781,P0036,4,185000.0
ORD000782,P0029,2,25000.0
ORD000782,P0036,5,185000.0
ORD000783,P0058,5,350000.0
ORD000783,P0019,2,22000.0
ORD000784,P0038,2,35000.0
ORD000784,P0087,3,681780.0
ORD000784,P0003,2,13213.0
ORD000784,P0017,5,8596.0
ORD000784,P0050,1,420000.0
ORD000785,P0078,3,1653300.0
ORD000785,P0079,2,1463936.0
ORD000786,P0084,1,681947.0
ORD000786,P0039,2,28000.0
ORD000787,P0049,2,119969.0
ORD000788,P0079,16,1503323.0
ORD000788,P0089,10,1725570.0
ORD000789,P0030,14,14000.0
ORD000789,P0008,9,65000.0
ORD000790,P0063,5,34999750.0
ORD000790,P0008,2,65000.0
ORD000791,P0084,28,715299.0
ORD000791,P0003,26,14000.0
ORD000791,P0017,22,9000.0
ORD000791,P0016,24,25000.0
ORD000791,P0058,23,350000.0
ORD000791,P0062,17,44999750.0
ORD000791,P0049,20,125000.0
ORD000792,P0030,3,13296.0
ORD000792,P0074,4,499750.0
ORD000792,P0078,1,1624681.0
ORD000793,P0010,10,165000.0
ORD000793,P0075,9,2499750.0
ORD000794,P0067,15,13642647.0
ORD000794,P0064,8,27499750.0
ORD000794,P0084,9,745800.0
ORD000794,P0007,28,90753.0
ORD000795,P0022,2,17002.0
ORD000795,P0005,2,79000.0
ORD000795,P0008,5,58858.0
ORD000796,P0018,1,38000.0
ORD000796,P0019,3,20251.0
ORD000797,P0045,3,1850000.0
ORD000797,P0026,2,65000.0
ORD000797,P0038,1,35000.0
ORD000798,P0008,3,65000.0
ORD000798,P0070,5,3249750.0
ORD000798,P0064,1,27499750.0
ORD000799,P0043,4,3190000.0
ORD000799,P0006,7,82000.0
ORD000799,P0070,9,3249750.0
ORD000799,P0028,8,78000.0
ORD000800,P0035,1,16000.0
ORD000800,P0087,2,681780.0
ORD000800,P0079,2,1578060.0
ORD000801,P0018,4,38000.0
ORD000801,P0019,4,22000.0
ORD000801,P0015,2,45000.0
ORD000802,P0029,21,24308.0
ORD000803,P0030,3,13617.0
ORD000803,P0028,2,78000.0
ORD000803,P0055,4,280000.0
ORD000804,P0029,9,23749.0
ORD000805,P0088,20,534817.0
ORD000805,P0050,8,420000.0
ORD000805,P0084,9,745800.0
ORD000805,P0063,7,34999750.0
ORD000806,P0035,3,14485.0
ORD000807,P0076,3,1708410.0
ORD000807,P0089,5,1725570.0
ORD000807,P0014,2,11445.0
ORD000808,P0018,2,38000.0
ORD000808,P0026,1,65000.0
ORD000808,P0073,4,2499750.0
ORD000808,P0074,4,494437.0
ORD000809,P0039,5,26342.0
ORD000810,P0012,3,5000.0
ORD000810,P0079,1,1578060.0
ORD000810,P0033,3,69000.0
ORD000810,P0006,5,82000.0
ORD000810,P0064,5,27499750.0
ORD000810,P0049,2,125000.0
ORD000811,P0086,8,461670.0
ORD000811,P0022,3,18000.0
ORD000812,P0036,5,185000.0
ORD000812,P0015,2,45000.0
ORD000812,P0076,1,1708410.0
ORD000812,P0089,2,1701236.0
ORD000813,P0056,4,180000.0
ORD000813,P0035,1,16000.0
ORD000814,P0032,5,12000.0
ORD000814,P0006,5,82000.0
ORD000814,P0079,5,1578060.0
ORD000814,P0089,4,1725570.0
ORD000815,P0083,4,591690.0
ORD000816,P0017,5,8342.0
ORD000816,P0005,2,76915.0
ORD000817,P0050,3,420000.0
ORD000817,P0080,4,1684379.0
ORD000817,P0077,4,1773420.0
ORD000817,P0046,2,839462.0
ORD000818,P0023,14,42000.0
ORD000818,P0055,28,280000.0
ORD000818,P0080,10,1789590.0
ORD000819,P0067,2,14999750.0
ORD000819,P0064,1,27056561.0
ORD000819,P0025,2,15000.0
ORD000819,P0058,1,329340.0
ORD000819,P0027,5,92000.0
ORD000819,P0005,3,79000.0
ORD000820,P0015,1,45000.0
ORD000820,P0016,1,25000.0
ORD000820,P0059,3,53058.0
ORD000820,P0004,2,37892.0
ORD000821,P0001,1,12000.0
ORD000821,P0079,1,1578060.0
ORD000822,P0083,3,591690.0
ORD000822,P0065,5,37499750.0
ORD000823,P0059,4,55000.0
ORD000824,P0042,25,42000.0
ORD000824,P0069,15,2499750.0
ORD000825,P0076,1,1621212.0
ORD000825,P0089,5,1725570.0
ORD000826,P0067,3,14428291.0
ORD000826,P0073,1,2499750.0
ORD000826,P0074,4,499750.0
ORD000826,P0029,2,24510.0
ORD000826,P0077,5,1675116.0
ORD000826,P0083,1,591690.0
ORD000827,P0019,1,22000.0
ORD000827,P0057,2,220000.0
ORD000828,P0087,24,681780.0
ORD000828,P0038,17,35000.0
ORD000829,P0056,8,174471.0
ORD000829,P0053,8,165000.0
ORD000829,P0059,11,54198.0
ORD000829,P0088,12,576180.0
ORD000829,P0084,2,745800.0
ORD000830,P0008,3,65000.0
ORD000830,P0065,4,37499750.0
ORD000831,P0019,2,22000.0
ORD000831,P0037,5,95000.0
ORD000831,P0002,5,18000.0
ORD000831,P0011,1,5000.0
ORD000831,P0079,1,1578060.0
ORD000832,P0005,4,79000.0
ORD000832,P0053,4,160481.0
ORD000832,P0038,2,31638.0
ORD000832,P0060,2,390000.0
ORD000833,P0075,16,2346509.0
ORD000833,P0087,27,681780.0
ORD000833,P0011,27,5000.0
ORD000834,P0039,3,26875.0
ORD000835,P0086,4,461670.0
ORD000836,P0043,5,3190000.0
ORD000836,P0058,6,350000.0
ORD000837,P0073,2,2499750.0
ORD000837,P0074,2,485812.0
ORD000838,P0009,9,16436.0
ORD000838,P0035,29,16000.0
ORD000839,P0069,4,2499750.0
ORD000840,P0018,2,38000.0
ORD000840,P0034,5,81442.0
ORD000841,P0026,5,65000.0
ORD000841,P0071,2,12424210.0
ORD000842,P0089,4,1683390.0
ORD000842,P0086,5,461670.0
ORD000842,P0077,5,1773420.0
ORD000842,P0085,5,1720950.0
ORD000843,P0048,23,12000.0
ORD000843,P0055,14,280000.0
ORD000843,P0006,15,82000.0
ORD000843,P0086,18,461670.0
ORD000843,P0079,24,1578060.0
ORD000844,P0013,4,5000.0
ORD000844,P0070,2,3249750.0
ORD000844,P0027,3,92000.0
ORD000844,P0060,2,390000.0
ORD000845,P0045,5,1850000.0
ORD000845,P0022,1,17517.0
ORD000845,P0043,4,3190000.0
ORD000845,P0006,2,75681.0
ORD000846,P0046,4,890000.0
ORD000846,P0038,3,35000.0
ORD000846,P0025,2,15000.0
ORD000847,P0010,4,165000.0
ORD000848,P0088,5,576180.0
ORD000849,P0015,5,45000.0
ORD000849,P0028,2,78000.0
ORD000849,P0019,5,20334.0
ORD000850,P0020,3,85000.0
ORD000850,P0041,5,639305.0
ORD000850,P0042,2,42000.0
ORD000850,P0016,1,25000.0
ORD000851,P0078,20,1653300.0
ORD000851,P0003,17,13364.0
ORD000851,P0018,16,38000.0
ORD000851,P0039,7,28000.0
ORD000852,P0019,8,22000.0
ORD000852,P0028,9,75019.0
ORD000852,P0036,11,185000.0
ORD000853,P0035,6,16000.0
ORD000853,P0031,6,4000.0
ORD000853,P0006,6,82000.0
ORD000853,P0044,4,920000.0
ORD000854,P0018,2,38000.0
ORD000854,P0019,5,22000.0
ORD000854,P0035,1,16000.0
ORD000855,P0039,3,28000.0
ORD000856,P0058,9,343190.0
ORD000857,P0008,22,62731.0
ORD000857,P0071,9,13749750.0
ORD000857,P0025,10,15000.0
ORD000858,P0076,9,1574767.0
ORD000858,P0089,24,1642135.0
ORD000858,P0082,13,1100220.0
ORD000859,P0015,4,45000.0
ORD000859,P0005,4,74418.0
ORD000859,P0089,5,1725570.0
ORD000859,P0086,5,461670.0
ORD000860,P0036,5,180518.0
ORD000860,P0045,1,1850000.0
ORD000861,P0028,5,75460.0
ORD000861,P0018,3,38000.0
ORD000861,P0019,2,22000.0
ORD000862,P0063,1,34999750.0
ORD000862,P0045,1,1850000.0
ORD000862,P0018,4,37183.0
ORD000862,P0019,1,22000.0
ORD000863,P0089,5,1725570.0
ORD000864,P0006,5,82000.0
ORD000864,P0043,5,3190000.0
ORD000864,P0056,3,180000.0
ORD000865,P0044,17,920000.0
ORD000865,P0070,27,3249750.0
ORD000866,P0085,6,1720950.0
ORD000867,P0038,11,35000.0
ORD000867,P0076,7,1708410.0
ORD000867,P0089,6,1725570.0
ORD000868,P0015,3,45000.0
ORD000868,P0010,5,160594.0
ORD000868,P0059,3,55000.0
ORD000868,P0075,3,2499750.0
ORD000869,P0025,18,15000.0
ORD000869,P0053,15,152963.0
ORD000870,P0079,2,1519300.0
ORD000870,P0089,5,1725570.0
ORD000870,P0015,4,45000.0
ORD000870,P0016,3,25000.0
ORD000871,P0058,1,350000.0
ORD000871,P0071,3,13749750.0
ORD000871,P0085,2,1720950.0
ORD000871,P0006,4,76725.0
ORD000871,P0043,2,3190000.0
ORD000872,P0015,1,45000.0
ORD000872,P0016,4,25000.0
ORD000872,P0029,1,24286.0
ORD000872,P0034,2,76516.0
ORD000873,P0033,1,65915.0
ORD000873,P0076,2,1675498.0
ORD000873,P0089,4,1725570.0
ORD000873,P0050,5,420000.0
ORD000873,P0005,5,79000.0
ORD000873,P0082,5,1100220.0
ORD000874,P0057,3,220000.0
ORD000874,P0062,4,41952712.0
ORD000874,P0049,5,125000.0
ORD000875,P0022,1,18000.0
ORD000875,P0089,5,1575948.0
ORD000875,P0086,4,461670.0
ORD000875,P0029,1,25000.0
ORD000876,P0043,2,3059390.0
ORD000876,P0006,3,82000.0
ORD000877,P0078,4,1616318.0
ORD000877,P0079,4,1578060.0
ORD000878,P0085,2,1613257.0
ORD000878,P0050,4,390646.0
ORD000879,P0087,3,636491.0
ORD000879,P0084,1,745800.0
ORD000879,P0064,5,27499750.0
ORD000880,P0068,28,8749750.0
ORD000880,P0043,14,3190000.0
ORD000880,P0035,29,16000.0
ORD000880,P0047,14,78000.0
ORD000880,P0085,18,1720950.0
ORD000881,P0086,3,450911.0
ORD000881,P0084,2,745800.0
ORD000881,P0055,5,280000.0
ORD000881,P0021,3,7000.0
ORD000882,P0036,5,166772.0
ORD000882,P0038,3,33589.0
ORD000883,P0026,2,65000.0
ORD000883,P0011,4,5000.0
ORD000883,P0022,2,16234.0
ORD000884,P0023,3,42000.0
ORD000884,P0015,5,45000.0
ORD000884,P0016,1,25000.0
ORD000885,P0070,8,3023495.0
ORD000886,P0059,1,55000.0
ORD000887,P0084,3,745800.0
ORD000887,P0055,5,280000.0
ORD000887,P0088,3,576180.0
ORD000888,P0075,4,2417998.0
ORD000888,P0071,1,13296264.0
ORD000889,P0040,2,18000.0
ORD000889,P0029,3,25000.0
ORD000890,P0077,20,1773420.0
ORD000890,P0078,22,1538666.0
ORD000890,P0079,24,1531907.0
ORD000891,P0038,4,32384.0
ORD000891,P0005,4,78033.0
ORD000892,P0036,3,179287.0
ORD000892,P0003,7,12830.0
ORD000892,P0017,5,9000.0
ORD000893,P0069,17,2258940.0
ORD000893,P0084,18,745800.0
ORD000894,P0009,4,18000.0
ORD000895,P0015,2,45000.0
ORD000896,P0042,5,42000.0
ORD000896,P0066,13,12499750.0
ORD000896,P0012,28,4584.0
ORD000897,P0059,4,51537.0
ORD000898,P0081,3,747450.0
ORD000898,P0023,5,42000.0
ORD000898,P0054,5,245000.0
ORD000899,P0090,2,1068858.0
ORD000900,P0010,2,165000.0
ORD000901,P0029,9,25000.0
ORD000901,P0037,16,95000.0
ORD000901,P0058,26,335863.0
ORD000901,P0060,20,390000.0
ORD000902,P0042,2,42000.0
ORD000903,P0070,3,3249750.0
ORD000904,P0077,5,1773420.0
ORD000904,P0025,2,15000.0
ORD000904,P0043,3,3190000.0
ORD000904,P0006,1,82000.0
ORD000904,P0013,5,4836.0
ORD000905,P0083,26,578097.0
ORD000906,P0047,5,78000.0
ORD000906,P0048,10,12000.0
ORD000906,P0003,14,13135.0
ORD000907,P0059,7,55000.0
ORD000907,P0088,5,576180.0
ORD000907,P0032,9,12000.0
ORD000907,P0006,10,82000.0
ORD000908,P0037,1,95000.0
ORD000909,P0019,5,22000.0
ORD000910,P0019,3,20863.0
ORD000910,P0030,2,14000.0
ORD000911,P0062,5,44999750.0
ORD000911,P0049,5,125000.0
ORD000911,P0077,4,1773420.0
ORD000911,P0019,3,20901.0
ORD000912,P0050,4,420000.0
ORD000912,P0059,4,55000.0
ORD000912,P0018,2,38000.0
ORD000912,P0022,2,18000.0
ORD000912,P0005,3,74170.0
ORD000913,P0016,2,25000.0
ORD000913,P0005,2,79000.0
ORD000914,P0063,10,33371711.0
ORD000915,P0055,1,280000.0
ORD000915,P0073,3,2499750.0
ORD000915,P0074,5,499750.0
ORD000916,P0083,11,576012.0
ORD000916,P0021,2,7000.0
ORD000916,P0062,10,43735476.0
ORD000917,P0080,5,1789590.0
ORD000917,P0077,2,1773420.0
ORD000917,P0049,4,114810.0
ORD000917,P0030,2,14000.0
ORD000918,P0038,3,32564.0
ORD000918,P0056,1,174637.0
ORD000919,P0065,8,37499750.0
ORD000919,P0008,22,65000.0
ORD000919,P0015,6,43531.0
ORD000919,P0056,24,180000.0
ORD000920,P0073,10,2267009.0
ORD000920,P0074,4,462772.0
ORD000920,P0026,11,60338.0
ORD000921,P0005,12,79000.0
ORD000922,P0035,5,16000.0
ORD000923,P0076,2,1708410.0
ORD000923,P0034,5,80771.0
ORD000924,P0072,1,1845276.0
ORD000924,P0087,5,681780.0
ORD000924,P0078,5,1597858.0
ORD000924,P0079,3,1578060.0
ORD000925,P0045,2,1850000.0
ORD000925,P0086,1,461670.0
ORD000925,P0046,4,890000.0
ORD000925,P0035,3,15151.0
ORD000926,P0027,10,92000.0
ORD000926,P0003,3,14000.0
ORD000927,P0076,30,1708410.0
ORD000927,P0089,26,1725570.0
ORD000927,P0035,22,16000.0
ORD000927,P0032,14,12000.0
ORD000928,P0028,3,78000.0
ORD000928,P0073,10,2499750.0
ORD000929,P0013,6,4631.0
ORD000929,P0055,11,257265.0
ORD000929,P0062,29,41286803.0
ORD000930,P0012,1,5000.0
ORD000930,P0066,5,11521003.0
ORD000930,P0075,1,2499750.0
ORD000931,P0029,1,23877.0
ORD000931,P0020,5,85000.0
ORD000932,P0078,4,1653300.0
ORD000932,P0064,2,26046341.0
ORD000932,P0047,1,78000.0
ORD000932,P0048,4,12000.0
ORD000932,P0084,4,745800.0
ORD000932,P0019,3,20980.0
ORD000933,P0019,5,22000.0
ORD000933,P0033,5,69000.0
ORD000933,P0013,5,5000.0
ORD000934,P0003,5,14000.0
ORD000934,P0017,2,9000.0
ORD000934,P0089,4,1725570.0
ORD000934,P0086,3,461670.0
ORD000935,P0066,12,12499750.0
ORD000935,P0012,7,5000.0
ORD000935,P0048,8,12000.0
ORD000936,P0068,1,8749750.0
ORD000936,P0043,2,3190000.0
ORD000937,P0003,3,14000.0
ORD000937,P0017,4,9000.0
ORD000937,P0040,2,18000.0
ORD000937,P0028,1,78000.0
ORD000937,P0068,4,8749750.0
ORD000937,P0043,5,3190000.0
ORD000938,P0026,15,65000.0
ORD000938,P0088,20,565892.0
ORD000938,P0084,28,680382.0
ORD000938,P0028,6,78000.0
ORD000939,P0009,2,18000.0
ORD000940,P0026,24,62149.0
ORD000940,P0017,25,9000.0
ORD000940,P0002,24,18000.0
ORD000941,P0054,5,245000.0
ORD000941,P0053,5,157102.0
ORD000942,P0009,2,18000.0
ORD000942,P0003,2,14000.0
ORD000942,P0017,2,8448.0
ORD000943,P0003,10,12990.0
ORD000943,P0015,28,45000.0
ORD000943,P0040,24,18000.0
ORD000944,P0022,3,17637.0
ORD000944,P0087,1,668964.0
ORD000945,P0075,16,2499750.0
ORD000946,P0049,7,114937.0
ORD000947,P0077,1,1773420.0
ORD000948,P0052,1,282729.0
ORD000949,P0059,4,55000.0
ORD000950,P0008,5,65000.0
ORD000950,P0059,7,55000.0
ORD000951,P0056,29,180000.0
ORD000952,P0039,3,28000.0
ORD000952,P0037,4,95000.0
ORD000953,P0087,4,681780.0
ORD000954,P0009,10,18000.0
ORD000954,P0079,24,1578060.0
ORD000955,P0059,10,55000.0
ORD000955,P0025,17,15000.0
ORD000955,P0088,22,542637.0
ORD000955,P0084,11,731570.0
ORD000955,P0040,10,18000.0
ORD000956,P0019,20,22000.0
ORD000956,P0038,16,35000.0
ORD000957,P0048,17,12000.0
ORD000957,P0028,6,70864.0
ORD000957,P0053,13,165000.0
ORD000957,P0065,6,37499750.0
ORD000958,P0042,9,42000.0
ORD000959,P0057,8,220000.0
ORD000959,P0079,10,1578060.0
ORD000959,P0052,9,278925.0
ORD000960,P0022,3,18000.0
ORD000960,P0076,4,1541093.0
ORD000960,P0089,5,1725570.0
ORD000960,P0011,4,5000.0
ORD000960,P0046,1,890000.0
ORD000961,P0022,4,18000.0
ORD000961,P0036,1,185000.0
ORD000961,P0072,2,1999750.0
ORD000961,P0014,3,12000.0
ORD000962,P0033,5,69000.0
ORD000962,P0048,2,12000.0
ORD000962,P0039,5,28000.0
ORD000962,P0009,5,18000.0
ORD000963,P0071,1,12531779.0
ORD000963,P0025,1,14578.0
ORD000964,P0048,14,11165.0
ORD000964,P0088,28,576180.0
ORD000964,P0061,22,49999750.0
ORD000965,P0048,9,12000.0
ORD000965,P0040,4,18000.0
ORD000966,P0048,1,10869.0
ORD000966,P0088,4,576180.0
ORD000966,P0084,5,745800.0
ORD000967,P0045,1,1753601.0
ORD000967,P0064,5,27499750.0
ORD000967,P0015,2,45000.0
ORD000967,P0028,2,78000.0
ORD000968,P0032,4,12000.0
ORD000968,P0035,10,16000.0
ORD000968,P0055,7,258762.0
ORD000968,P0060,4,364800.0
ORD000969,P0076,5,1658965.0
ORD000969,P0089,2,1583230.0
ORD000969,P0057,5,204736.0
ORD000970,P0029,3,25000.0
ORD000970,P0048,5,12000.0
ORD000970,P0030,5,14000.0
ORD000971,P0060,4,390000.0
ORD000971,P0009,4,17105.0
ORD000971,P0078,1,1653300.0
ORD000972,P0024,1,7631.0
ORD000972,P0002,2,18000.0
ORD000972,P0011,5,4650.0
ORD000973,P0033,15,69000.0
ORD000973,P0006,11,76502.0
ORD000974,P0047,2,78000.0
ORD000974,P0048,1,12000.0
ORD000974,P0038,1,35000.0
ORD000974,P0078,3,1653300.0
ORD000974,P0079,4,1578060.0
ORD000975,P0006,2,77688.0
ORD000975,P0012,3,5000.0
ORD000976,P0071,3,13749750.0
ORD000976,P0038,2,35000.0
ORD000976,P0087,3,681780.0
ORD000976,P0079,3,1578060.0
ORD000977,P0028,18,70378.0
ORD000977,P0063,5,31634830.0
ORD000977,P0016,30,25000.0
ORD000978,P0008,1,65000.0
ORD000978,P0022,4,18000.0
ORD000978,P0057,2,220000.0
ORD000978,P0076,4,1708410.0
ORD000979,P0078,2,1653300.0
ORD000979,P0079,4,1461820.0
ORD000979,P0035,4,16000.0
ORD000980,P0067,2,14590191.0
ORD000980,P0064,1,25221069.0
ORD000980,P0033,1,69000.0
ORD000980,P0006,5,82000.0
ORD000981,P0009,20,18000.0
ORD000981,P0035,27,16000.0
ORD000982,P0036,3,185000.0
ORD000982,P0063,3,34999750.0
ORD000982,P0016,3,25000.0
ORD000983,P0055,5,280000.0
ORD000983,P0046,1,890000.0
ORD000984,P0058,5,345136.0
ORD000984,P0016,1,25000.0
ORD000984,P0040,2,18000.0
ORD000984,P0019,5,20224.0
ORD000984,P0039,4,27607.0
ORD000985,P0052,3,267382.0
ORD000985,P0022,5,17075.0
ORD000985,P0049,3,125000.0
ORD000986,P0058,1,350000.0
ORD000986,P0067,3,14279534.0
ORD000987,P0017,19,9000.0
ORD000987,P0039,6,28000.0
ORD000987,P0076,26,1609606.0
ORD000988,P0063,1,34999750.0
ORD000989,P0006,12,77627.0
ORD000989,P0043,10,2996856.0
ORD000989,P0005,12,79000.0
ORD000990,P0017,1,9000.0
ORD000990,P0056,3,165828.0
ORD000991,P0073,5,2444964.0
ORD000991,P0074,1,478692.0
ORD000991,P0041,2,656662.0
ORD000991,P0042,5,40310.0
ORD000992,P0079,3,1578060.0
ORD000992,P0089,11,1725570.0
ORD000992,P0006,11,74871.0
ORD000993,P0019,2,22000.0
ORD000994,P0036,1,185000.0
ORD000995,P0069,2,2499750.0
ORD000995,P0018,2,38000.0
ORD000995,P0066,3,11366356.0
ORD000995,P0005,3,79000.0
ORD000996,P0035,4,16000.0
ORD000996,P0047,8,78000.0
ORD000997,P0089,11,1641359.0
ORD000997,P0086,16,461670.0
ORD000997,P0035,27,16000.0
ORD000997,P0073,5,2301264.0
ORD000998,P0086,2,461670.0
ORD000999,P0015,4,45000.0
ORD000999,P0016,2,25000.0
ORD000999,P0043,1,3190000.0
ORD000999,P0006,1,82000.0
ORD000999,P0012,5,5000.0
ORD001000,P0058,2,336560.0
ORD001000,P0083,1,591690.0
ORD001001,P0002,4,18000.0
ORD001001,P0011,3,5000.0
ORD001002,P0032,3,12000.0
ORD001002,P0006,1,82000.0
ORD001002,P0077,5,1773420.0
ORD001002,P0023,1,39744.0
ORD001003,P0073,5,2499750.0
ORD001003,P0009,1,17286.0
ORD001003,P0036,4,185000.0
ORD001003,P0070,5,3249750.0
ORD001004,P0008,12,65000.0
ORD001005,P0076,2,1708410.0
ORD001005,P0089,5,1725570.0
ORD001005,P0088,4,576180.0
ORD001005,P0045,4,1850000.0
ORD001005,P0018,4,38000.0
ORD001005,P0019,1,22000.0
ORD001005,P0010,3,165000.0
ORD001006,P0075,4,2499750.0
ORD001007,P0022,6,18000.0
ORD001008,P0003,3,14000.0
ORD001008,P0017,3,9000.0
ORD001008,P0011,5,4748.0
ORD001008,P0039,5,27362.0
ORD001009,P0023,2,42000.0
ORD001010,P0027,12,92000.0
ORD001010,P0077,9,1773420.0
ORD001010,P0086,12,461670.0
ORD001011,P0009,4,18000.0
ORD001011,P0084,3,745800.0
ORD001011,P0087,2,640410.0
ORD001012,P0026,3,65000.0
ORD001012,P0050,4,414128.0
ORD001013,P0042,4,42000.0
ORD001014,P0074,5,485720.0
ORD001015,P0050,7,414383.0
ORD001015,P0053,28,155979.0
ORD001015,P0080,23,1760066.0
ORD001016,P0082,2,1100220.0
ORD001016,P0028,4,72824.0
ORD001016,P0013,1,5000.0
ORD001016,P0069,1,2308157.0
ORD001016,P0051,1,320000.0
ORD001017,P0017,5,8646.0
ORD001017,P0018,5,38000.0
ORD001017,P0027,2,92000.0
ORD001018,P0069,1,2499750.0
ORD001018,P0090,5,1155660.0
ORD001019,P0073,5,2499750.0
ORD001019,P0074,3,465699.0
ORD001019,P0032,4,12000.0
ORD001019,P0006,4,82000.0
ORD001019,P0083,1,581845.0
ORD001020,P0035,5,16000.0
ORD001020,P0023,1,42000.0
ORD001020,P0025,2,15000.0
ORD001021,P0032,4,12000.0
ORD001021,P0076,5,1708410.0
ORD001021,P0089,1,1574361.0
ORD001021,P0048,3,12000.0
ORD001021,P0012,2,4839.0
ORD001021,P0045,4,1850000.0
ORD001022,P0008,11,65000.0
ORD001022,P0090,4,1130908.0
ORD001023,P0064,2,27499750.0
ORD001024,P0029,3,23126.0
ORD001025,P0009,6,18000.0
ORD001026,P0042,5,40183.0
ORD001026,P0067,5,14999750.0
ORD001026,P0086,1,434688.0
ORD001027,P0025,3,15000.0
ORD001028,P0055,5,280000.0
ORD001028,P0048,5,12000.0
ORD001029,P0082,1,1100220.0
ORD001029,P0008,5,65000.0
ORD001030,P0072,1,1999750.0
ORD001030,P0089,4,1725570.0
ORD001030,P0086,1,461670.0
ORD001031,P0035,23,16000.0
ORD001031,P0038,16,35000.0
ORD001032,P0058,5,350000.0
ORD001033,P0025,4,15000.0
ORD001033,P0083,1,582120.0
ORD001033,P0078,3,1653300.0
ORD001034,P0082,5,1100220.0
ORD001034,P0050,10,379092.0
ORD001035,P0036,3,185000.0
ORD001035,P0035,4,16000.0
ORD001036,P0002,20,18000.0
ORD001036,P0038,20,35000.0
ORD001036,P0078,9,1579223.0
ORD001036,P0079,17,1578060.0
ORD001036,P0015,7,45000.0
ORD001036,P0016,27,22708.0
ORD001037,P0057,5,207528.0
ORD001037,P0089,4,1572869.0
ORD001037,P0086,1,461670.0
ORD001037,P0084,5,695274.0
ORD001038,P0089,1,1561317.0
ORD001038,P0086,5,461670.0
ORD001038,P0025,4,15000.0
ORD001039,P0079,1,1578060.0
ORD001039,P0089,2,1725570.0
ORD001039,P0042,3,42000.0
ORD001039,P0032,3,12000.0
ORD001040,P0026,2,65000.0
ORD001040,P0042,4,42000.0
ORD001040,P0067,5,14999750.0
ORD001041,P0089,2,1725570.0
ORD001041,P0086,1,461670.0
ORD001041,P0083,5,591690.0
ORD001041,P0036,2,181447.0
ORD001042,P0078,3,1653300.0
ORD001043,P0073,3,2499750.0
ORD001043,P0074,1,499750.0
ORD001043,P0064,4,27499750.0
ORD001043,P0045,5,1850000.0
ORD001044,P0023,10,42000.0
ORD001044,P0059,10,52908.0
ORD001045,P0072,11,1999750.0
ORD001045,P0010,10,165000.0
ORD001046,P0067,3,14999750.0
ORD001046,P0050,2,381956.0
ORD001046,P0038,4,35000.0
ORD001046,P0052,3,290000.0
ORD001046,P0059,1,53766.0
ORD001047,P0016,2,25000.0
ORD001047,P0012,1,5000.0
ORD001047,P0018,1,36456.0
ORD001048,P0087,5,623897.0
ORD001048,P0050,1,420000.0
ORD001048,P0089,1,1725570.0
ORD001048,P0086,2,461670.0
ORD001049,P0042,1,42000.0
ORD001049,P0035,1,14673.0
ORD001050,P0022,1,16648.0
ORD001050,P0049,5,125000.0
ORD001050,P0086,2,461670.0
ORD001050,P0058,4,333544.0
ORD001051,P0018,3,37458.0
ORD001052,P0003,1,14000.0
ORD001053,P0063,11,34386124.0
ORD001053,P0082,6,1036681.0
ORD001053,P0087,10,681780.0
ORD001053,P0089,7,1671074.0
ORD001053,P0086,8,461670.0
ORD001054,P0065,1,37499750.0
ORD001054,P0050,5,420000.0
ORD001055,P0047,16,73210.0
ORD001056,P0034,2,85000.0
ORD001056,P0061,3,49999750.0
ORD001057,P0018,1,35435.0
ORD001057,P0019,5,22000.0
ORD001057,P0089,1,1725570.0
ORD001057,P0002,4,18000.0
ORD001058,P0035,11,16000.0
ORD001058,P0017,4,9000.0
ORD001059,P0029,2,25000.0
ORD001059,P0052,5,290000.0
ORD001059,P0059,3,55000.0
ORD001059,P0075,1,2499750.0
ORD001059,P0079,5,1578060.0
ORD001060,P0033,1,69000.0
ORD001060,P0063,2,32376874.0
ORD001060,P0045,4,1748766.0
ORD001060,P0067,5,14999750.0
ORD001060,P0064,3,27499750.0
ORD001061,P0076,5,1659781.0
ORD001061,P0089,3,1725570.0
ORD001061,P0061,1,49999750.0
ORD001061,P0064,3,26337425.0
ORD001061,P0022,1,18000.0
ORD001062,P0042,18,42000.0
ORD001063,P0039,1,25846.0
ORD001063,P0076,1,1625826.0
ORD001063,P0089,3,1725570.0
ORD001063,P0005,3,79000.0
ORD001063,P0042,2,38332.0
ORD001064,P0051,29,320000.0
ORD001064,P0037,28,95000.0
ORD001065,P0028,1,78000.0
ORD001066,P0058,3,350000.0
ORD001066,P0036,5,180217.0
ORD001066,P0060,3,356314.0
ORD001067,P0048,2,11876.0
ORD001067,P0005,3,74679.0
ORD001068,P0035,1,16000.0
ORD001068,P0089,4,1662452.0
ORD001068,P0088,4,576180.0
ORD001068,P0084,5,745800.0
ORD001069,P0017,15,8363.0
ORD001070,P0003,4,13786.0
ORD001070,P0009,1,18000.0
ORD001071,P0062,3,41776032.0
ORD001071,P0049,3,125000.0
ORD001071,P0035,1,16000.0
ORD001071,P0060,1,374407.0
ORD001072,P0050,1,420000.0
ORD001072,P0079,2,1469540.0
ORD001072,P0089,5,1725570.0
ORD001072,P0015,5,45000.0
ORD001072,P0016,4,25000.0
ORD001073,P0018,2,38000.0
ORD001073,P0019,1,22000.0
ORD001073,P0053,4,165000.0
ORD001074,P0002,5,18000.0
ORD001074,P0052,3,290000.0
ORD001074,P0059,5,55000.0
ORD001074,P0032,5,11832.0
ORD001075,P0088,1,576180.0
ORD001075,P0084,4,745800.0
ORD001075,P0069,5,2499750.0
ORD001075,P0051,1,320000.0
ORD001075,P0034,4,83453.0
ORD001075,P0050,5,420000.0
ORD001076,P0005,2,77900.0
ORD001076,P0061,2,49999750.0
ORD001077,P0034,3,77058.0
ORD001077,P0020,2,78895.0
ORD001077,P0002,2,16498.0
ORD001077,P0011,1,5000.0
ORD001077,P0078,3,1653300.0
ORD001077,P0079,1,1578060.0
ORD001078,P0073,1,2499750.0
ORD001078,P0074,4,451862.0
ORD001079,P0049,2,125000.0
ORD001079,P0037,1,95000.0
ORD001079,P0023,3,41291.0
ORD001079,P0002,4,18000.0
ORD001079,P0011,5,5000.0
ORD001080,P0018,2,38000.0
ORD001080,P0019,2,21552.0
ORD001080,P0067,2,14999750.0
ORD001081,P0089,3,1588057.0
ORD001081,P0061,5,49999750.0
ORD001082,P0073,20,2404199.0
ORD001083,P0045,20,1850000.0
ORD001083,P0019,27,22000.0
ORD001083,P0033,22,69000.0
ORD001084,P0022,4,18000.0
ORD001084,P0048,2,12000.0
ORD001085,P0029,4,25000.0
ORD001085,P0079,1,1578060.0
ORD001086,P0085,2,1720950.0
ORD001087,P0058,2,338146.0
ORD001087,P0066,2,12499750.0
ORD001087,P0085,2,1591758.0
ORD001087,P0078,2,1653300.0
ORD001087,P0007,2,99000.0
ORD001088,P0061,1,49999750.0
ORD001088,P0009,4,18000.0
ORD001088,P0034,1,85000.0
ORD001088,P0018,5,38000.0
ORD001089,P0083,1,591690.0
ORD001089,P0009,5,18000.0
ORD001090,P0035,21,16000.0
ORD001090,P0055,30,280000.0
ORD001091,P0035,3,16000.0
ORD001091,P0015,3,42192.0
ORD001091,P0016,4,25000.0
ORD001091,P0079,1,1578060.0
ORD001092,P0075,1,2499750.0
ORD001092,P0032,4,12000.0
ORD001092,P0006,2,82000.0
ORD001093,P0031,17,4000.0
ORD001093,P0006,8,82000.0
ORD001093,P0054,9,245000.0
ORD001094,P0067,5,14333655.0
ORD001094,P0049,5,114160.0
ORD001094,P0028,2,76570.0
ORD001094,P0059,1,55000.0
ORD001095,P0049,3,123459.0
ORD001096,P0022,2,18000.0
ORD001097,P0003,5,14000.0
ORD001097,P0025,4,15000.0
ORD001098,P0074,2,499750.0
ORD001098,P0025,5,15000.0
ORD001098,P0071,3,13749750.0
ORD001098,P0083,5,552880.0
ORD001099,P0012,3,5000.0
ORD001099,P0016,4,25000.0
ORD001099,P0026,3,60672.0
ORD001099,P0003,4,14000.0
ORD001100,P0022,1,16663.0
ORD001100,P0040,3,18000.0
ORD001100,P0089,5,1725570.0
ORD001100,P0086,2,449432.0
ORD001100,P0033,3,67603.0
ORD001101,P0058,1,350000.0
ORD001101,P0040,5,17690.0
ORD001102,P0039,26,28000.0
ORD001102,P0085,10,1720950.0
ORD001102,P0049,21,115422.0
ORD001103,P0005,2,79000.0
ORD001103,P0045,4,1850000.0
ORD001103,P0057,2,220000.0
ORD001104,P0042,25,40882.0
ORD001105,P0086,2,461670.0
ORD001106,P0018,5,38000.0
ORD001106,P0019,12,21171.0
ORD001107,P0056,2,180000.0
ORD001107,P0008,3,65000.0
ORD001108,P0065,25,36396071.0
ORD001109,P0032,5,12000.0
ORD001109,P0058,5,350000.0
ORD001109,P0019,2,22000.0
ORD001109,P0022,3,17320.0
ORD001109,P0016,2,23007.0
ORD001110,P0088,4,576180.0
ORD001110,P0084,1,725382.0
ORD001110,P0008,2,65000.0
ORD001111,P0009,5,18000.0
ORD001112,P0045,3,1850000.0
ORD001112,P0073,2,2466692.0
ORD001112,P0085,2,1720950.0
ORD001112,P0069,2,2364144.0
ORD001112,P0051,1,296411.0
ORD001112,P0023,2,42000.0
ORD001113,P0089,1,1590634.0
ORD001113,P0017,4,8298.0
ORD001113,P0067,1,14999750.0
ORD001113,P0064,3,27499750.0
ORD001114,P0002,15,18000.0
ORD001114,P0020,26,85000.0
ORD001114,P0049,29,125000.0
ORD001115,P0058,13,316419.0
ORD001115,P0021,15,7000.0
ORD001115,P0077,7,1745596.0
ORD001115,P0083,26,591690.0
ORD001116,P0050,3,420000.0
ORD001117,P0089,1,1555833.0
ORD001117,P0040,2,18000.0
ORD001118,P0058,5,350000.0
ORD001118,P0009,4,17205.0
ORD001118,P0066,4,12499750.0
ORD001119,P0047,4,78000.0
ORD001119,P0048,12,12000.0
ORD001119,P0015,2,45000.0
ORD001119,P0016,7,25000.0
ORD001120,P0038,5,35000.0
ORD001120,P0022,4,18000.0
ORD001120,P0056,2,180000.0
ORD001121,P0029,3,24243.0
ORD001121,P0022,4,16641.0
ORD001122,P0026,3,65000.0
ORD001122,P0002,4,18000.0
ORD001122,P0011,3,5000.0
ORD001122,P0013,5,5000.0
ORD001123,P0082,3,1100220.0
ORD001124,P0042,9,42000.0
ORD001124,P0005,12,79000.0
ORD001124,P0067,7,14999750.0
ORD001125,P0061,7,49999750.0
ORD001126,P0038,5,34148.0
ORD001126,P0022,3,18000.0
ORD001126,P0008,3,60922.0
ORD001127,P0079,14,1578060.0
ORD001127,P0026,17,65000.0
ORD001127,P0020,24,85000.0
ORD001128,P0078,5,1612479.0
ORD001128,P0079,5,1578060.0
ORD001128,P0040,2,18000.0
ORD001128,P0020,3,85000.0
ORD001129,P0019,2,22000.0
ORD001129,P0052,1,280842.0
ORD001129,P0057,4,220000.0
ORD001130,P0005,4,79000.0
ORD001130,P0029,4,22797.0
ORD001131,P0028,7,78000.0
ORD001132,P0013,7,5000.0
ORD001132,P0067,11,14999750.0
ORD001132,P0064,7,27499750.0
ORD001133,P0038,3,33241.0
ORD001133,P0075,2,2499750.0
ORD001134,P0020,2,85000.0
ORD001135,P0067,1,14999750.0
ORD001135,P0064,4,25778587.0
ORD001135,P0023,4,39842.0
ORD001135,P0028,1,78000.0
ORD001135,P0026,3,63749.0
ORD001136,P0005,14,79000.0
ORD001136,P0081,13,747450.0
ORD001137,P0015,3,45000.0
ORD001137,P0016,3,24196.0
ORD001137,P0073,2,2499750.0
ORD001137,P0074,2,499750.0
ORD001138,P0002,5,18000.0
ORD001138,P0011,12,5000.0
ORD001139,P0012,8,5000.0
ORD001139,P0083,9,591690.0
ORD001139,P0072,7,1856502.0
ORD001140,P0019,2,22000.0
ORD001140,P0008,2,65000.0
ORD001140,P0083,2,591690.0
ORD001141,P0074,2,499750.0
ORD001141,P0075,3,2499750.0
ORD001141,P0085,4,1588962.0
ORD001142,P0077,1,1773420.0
ORD001142,P0083,5,591690.0
ORD001142,P0056,4,180000.0
ORD001142,P0045,4,1850000.0
ORD001142,P0076,3,1708410.0
ORD001142,P0089,1,1725570.0
ORD001142,P0055,3,280000.0
ORD001143,P0035,20,16000.0
ORD001143,P0048,11,12000.0
ORD001144,P0008,5,65000.0
ORD001145,P0085,2,1623933.0
ORD001145,P0055,2,275500.0
ORD001146,P0055,1,280000.0
ORD001146,P0023,2,42000.0
ORD001147,P0049,3,125000.0
ORD001148,P0060,1,390000.0
ORD001148,P0024,2,8000.0
ORD001148,P0079,3,1578060.0
ORD001148,P0089,4,1682459.0
ORD001149,P0052,5,290000.0
ORD001149,P0059,5,55000.0
ORD001149,P0025,1,15000.0
ORD001150,P0023,5,39365.0
ORD001150,P0062,3,44999750.0
ORD001150,P0049,4,125000.0
ORD001151,P0015,23,41139.0
ORD001151,P0016,23,25000.0
ORD001151,P0081,7,747450.0
ORD001151,P0082,29,1100220.0
ORD001152,P0059,2,55000.0
ORD001152,P0052,2,279863.0
ORD001153,P0029,11,23002.0
ORD001153,P0024,22,7229.0
ORD001154,P0063,1,33195491.0
ORD001154,P0045,4,1850000.0
ORD001154,P0076,5,1708410.0
ORD001154,P0089,4,1725570.0
ORD001154,P0078,1,1653300.0
ORD001154,P0079,5,1578060.0
ORD001154,P0077,3,1773420.0
ORD001155,P0068,21,8749750.0
ORD001155,P0059,15,55000.0
ORD001155,P0005,29,73857.0
ORD001155,P0035,17,16000.0
ORD001155,P0050,17,407298.0
ORD001156,P0027,4,84282.0
ORD001157,P0005,5,75141.0
ORD001157,P0015,1,45000.0
ORD001157,P0016,5,25000.0
ORD001157,P0019,4,22000.0
ORD001158,P0009,18,18000.0
ORD001158,P0015,5,43518.0
ORD001158,P0010,27,165000.0
ORD001159,P0030,1,14000.0
ORD001160,P0081,5,747450.0
ORD001160,P0048,5,10867.0
ORD001161,P0076,2,1614694.0
ORD001161,P0086,4,461670.0
ORD001162,P0008,9,65000.0
ORD001162,P0030,8,14000.0
ORD001162,P0010,3,165000.0
ORD001162,P0056,3,180000.0
ORD001163,P0020,5,78212.0
ORD001164,P0006,1,82000.0
ORD001164,P0043,3,2918960.0
ORD001164,P0063,5,34999750.0
ORD001164,P0086,3,461670.0
ORD001165,P0087,4,681780.0
ORD001165,P0012,5,5000.0
ORD001165,P0085,5,1720950.0
ORD001166,P0002,29,18000.0
ORD001166,P0066,16,12499750.0
ORD001166,P0062,8,44999750.0
ORD001166,P0049,19,125000.0
ORD001167,P0015,5,40591.0
ORD001167,P0016,3,25000.0
ORD001167,P0054,2,229585.0
ORD001167,P0059,5,51007.0
ORD001167,P0056,4,180000.0
ORD001168,P0072,3,1999750.0
ORD001169,P0087,4,681780.0
ORD001169,P0018,4,38000.0
ORD001170,P0048,3,12000.0
ORD001170,P0089,5,1725570.0
ORD001170,P0086,5,451894.0
ORD001171,P0004,5,42000.0
ORD001171,P0036,5,172470.0
ORD001171,P0088,1,518590.0
ORD001171,P0084,5,745800.0
ORD001172,P0028,28,74084.0
ORD001172,P0076,18,1573942.0
ORD001173,P0005,11,79000.0
ORD001173,P0019,5,22000.0
ORD001173,P0060,7,390000.0
ORD001173,P0064,3,27499750.0
ORD001174,P0048,4,11785.0
ORD001174,P0078,1,1653300.0
ORD001175,P0010,1,165000.0
ORD001176,P0053,4,165000.0
ORD001177,P0035,18,14665.0
ORD001177,P0073,10,2499750.0
ORD001177,P0074,5,499750.0
ORD001177,P0029,11,23957.0
ORD001177,P0031,14,4000.0
ORD001178,P0035,2,16000.0
ORD001178,P0048,3,12000.0
ORD001179,P0044,2,899361.0
ORD001179,P0008,5,65000.0
ORD001180,P0087,4,681780.0
ORD001180,P0086,4,437777.0
ORD001180,P0007,5,94602.0
ORD001181,P0029,16,25000.0
ORD001181,P0017,15,9000.0
ORD001182,P0008,1,65000.0
ORD001182,P0007,4,99000.0
ORD001182,P0043,4,3190000.0
ORD001183,P0027,11,92000.0
ORD001183,P0079,11,1578060.0
ORD001183,P0078,6,1653300.0
ORD001184,P0046,18,890000.0
ORD001185,P0058,1,350000.0
ORD001186,P0007,1,99000.0
ORD001186,P0043,3,3190000.0
ORD001186,P0006,2,79180.0
ORD001186,P0002,4,17470.0
ORD001186,P0038,1,35000.0
ORD001187,P0018,23,36214.0
ORD001187,P0019,7,20244.0
ORD001187,P0035,17,16000.0
ORD001187,P0008,24,65000.0
ORD001188,P0084,1,745800.0
ORD001188,P0006,5,82000.0
ORD001189,P0022,3,18000.0
ORD001189,P0086,8,461670.0
ORD001190,P0025,5,14287.0
ORD001190,P0086,4,461670.0
ORD001191,P0032,5,12000.0
ORD001191,P0006,5,82000.0
ORD001191,P0087,1,631963.0
ORD001191,P0067,5,14999750.0
ORD001192,P0029,3,24324.0
ORD001193,P0045,1,1850000.0
ORD001194,P0045,5,1850000.0
ORD001195,P0030,4,14000.0
ORD001195,P0002,1,18000.0
ORD001195,P0067,2,14999750.0
ORD001195,P0085,4,1639494.0
ORD001196,P0028,3,78000.0
ORD001196,P0045,4,1850000.0
ORD001196,P0068,1,8749750.0
ORD001197,P0078,3,1653300.0
ORD001197,P0079,2,1426256.0
ORD001198,P0074,27,499750.0
ORD001198,P0078,17,1653300.0
ORD001198,P0005,15,76753.0
ORD001199,P0013,2,5000.0
ORD001199,P0039,5,28000.0
ORD001199,P0019,1,22000.0
ORD001200,P0008,2,65000.0
ORD001200,P0056,5,180000.0
ORD001200,P0026,3,59177.0
ORD001200,P0059,4,55000.0
