order_id,customer_id,order_date,payment_method,sales_channel,discount
ORD000001,C0146,2025-11-10T02:24:00,card,shopee,0.0
ORD000002,C0003,2025-09-22T19:05:00,transfer,shopee,0.0
ORD000003,C0005,2025-02-17T20:14:00,card,offline,0.0
ORD000004,C0065,2025-04-29T17:46:00,transfer,offline,0.0
ORD000005,C0186,2025-10-30T04:33:00,card,offline,0.0
ORD000006,C0179,2025-03-07T02:55:00,card,website,0.0
ORD000007,C0022,2025-05-08T17:35:00,e-wallet,offline,0.0
ORD000008,C0055,2025-05-17T02:05:00,e-wallet,online,5000.0
ORD000009,C0009,2025-04-29T20:45:00,transfer,offline,0.0
ORD000010,C0203,2025-06-08T01:47:00,e-wallet,website,0.0
ORD000011,C0155,2025-05-09T16:05:00,cash,website,0.0
ORD000012,C0196,2025-03-31T23:33:00,cash,online,0.0
ORD000013,C0103,2025-10-09T16:29:00,cash,shopee,50000.0
ORD000014,C0014,2025-04-08T00:23:00,transfer,website,0.0
ORD000015,C0004,2025-10-10T22:05:00,transfer,online,0.0
ORD000016,C0214,2025-09-05T23:15:00,transfer,website,0.0
ORD000017,C0211,2025-01-02T20:46:00,card,offline,50000.0
ORD000018,C0062,2025-10-20T22:14:00,transfer,online,0.0
ORD000019,C0037,2025-07-30T02:09:00,e-wallet,online,0.0
ORD000020,C0098,2025-06-13T02:45:00,card,website,0.0
ORD000021,C0204,2025-01-29T20:22:00,transfer,offline,0.0
ORD000022,C0062,2025-09-13T01:09:00,cash,website,0.0
ORD000023,C0041,2025-02-07T23:22:00,cash,offline,0.0
ORD000024,C0214,2025-05-28T04:51:00,transfer,online,0.0
ORD000025,C0161,2025-11-27T16:19:00,e-wallet,offline,0.0
ORD000026,C0087,2025-02-28T23:04:00,e-wallet,website,0.0
ORD000027,C0024,2025-07-22T16:16:00,e-wallet,shopee,0.0
ORD000028,C0159,2025-10-15T21:58:00,e-wallet,offline,0.0
ORD000029,C0117,2025-07-10T02:47:00,e-wallet,website,0.0
ORD000030,C0026,2025-12-18T21:34:00,cash,offline,0.0
ORD000031,C0034,2025-10-04T20:51:00,card,shopee,5000.0
ORD000032,C0005,2025-03-31T20:03:00,e-wallet,offline,5000.0
ORD000033,C0028,2025-08-21T00:14:00,cash,website,0.0
ORD000034,C0071,2025-11-17T02:37:00,e-wallet,offline,0.0
ORD000035,C0212,2025-08-21T22:26:00,e-wallet,offline,0.0
ORD000036,C0034,2025-10-12T16:37:00,cash,website,0.0
ORD000037,C0143,2025-07-08T17:48:00,cash,online,0.0
ORD000038,C0196,2025-06-08T21:22:00,transfer,shopee,0.0
ORD000039,C0136,2025-04-21T22:26:00,cash,website,0.0
ORD000040,C0170,2025-08-06T23:38:00,card,shopee,0.0
ORD000041,C0053,2025-06-04T19:49:00,cash,online,0.0
ORD000042,C0098,2025-10-01T03:14:00,cash,offline,0.0
ORD000043,C0104,2025-12-31T02:26:00,e-wallet,shopee,0.0
ORD000044,C0021,2025-07-22T20:47:00,cash,online,0.0
ORD000045,C0038,2025-05-01T17:09:00,cash,offline,0.0
ORD000046,C0115,2025-12-16T01:41:00,card,shopee,0.0
ORD000047,C0074,2025-02-10T02:55:00,transfer,offline,0.0
ORD000048,C0096,2025-05-25T22:26:00,e-wallet,offline,0.0
ORD000049,C0090,2025-06-09T02:44:00,card,shopee,0.0
ORD000050,C0080,2025-04-03T19:21:00,cash,shopee,0.0
ORD000051,C0193,2025-08-18T19:34:00,transfer,offline,0.0
ORD000052,C0073,2025-07-16T00:33:00,cash,online,0.0
ORD000053,C0196,2025-03-24T20:28:00,card,website,0.0
ORD000054,C0026,2025-11-29T21:50:00,e-wallet,shopee,0.0
ORD000055,C0158,2025-01-03T17:01:00,cash,shopee,0.0
ORD000056,C0029,2025-09-14T01:34:00,transfer,offline,0.0
ORD000057,C0062,2025-10-20T22:11:00,cash,offline,0.0
ORD000058,C0086,2025-03-10T16:22:00,e-wallet,online,0.0
ORD000059,C0052,2025-01-22T21:59:00,card,offline,10000.0
ORD000060,C0099,2025-06-23T18:31:00,e-wallet,online,0.0
ORD000061,C0079,2025-08-18T01:45:00,card,online,0.0
ORD000062,C0206,2025-12-14T18:01:00,cash,offline,0.0
ORD000063,C0099,2025-10-18T16:38:00,e-wallet,shopee,0.0
ORD000064,C0094,2025-07-23T21:41:00,cash,offline,0.0
ORD000065,C0183,2025-08-16T17:51:00,transfer,shopee,0.0
ORD000066,C0157,2025-02-14T17:19:00,cash,offline,0.0
ORD000067,C0213,2025-10-11T02:37:00,cash,shopee,0.0
ORD000068,C0182,2025-04-26T21:33:00,cash,online,0.0
ORD000069,C0165,2025-10-23T20:41:00,cash,online,0.0
ORD000070,C0078,2025-09-05T19:51:00,e-wallet,online,50000.0
ORD000071,C0095,2025-09-22T00:06:00,cash,offline,0.0
ORD000072,C0185,2025-06-10T19:48:00,e-wallet,offline,0.0
ORD000073,C0091,2025-01-25T16:18:00,cash,offline,0.0
ORD000074,C0014,2025-10-20T00:12:00,card,shopee,0.0
ORD000075,C0025,2025-07-21T21:50:00,e-wallet,online,20000.0
ORD000076,C0182,2025-10-16T20:30:00,cash,online,0.0
ORD000077,C0044,2025-09-27T02:46:00,cash,offline,0.0
ORD000078,C0189,2025-02-02T03:08:00,e-wallet,offline,0.0
ORD000079,C0091,2025-12-14T04:55:00,transfer,offline,0.0
ORD000080,C0090,2025-10-15T04:46:00,e-wallet,shopee,0.0
ORD000081,C0114,2025-12-02T20:47:00,transfer,offline,0.0
ORD000082,C0060,2025-01-27T17:26:00,e-wallet,shopee,10000.0
ORD000083,C0074,2025-11-27T16:58:00,e-wallet,website,10000.0
ORD000084,C0146,2025-11-05T17:59:00,cash,offline,0.0
ORD000085,C0023,2025-07-26T02:06:00,transfer,offline,0.0
ORD000086,C0193,2025-05-17T21:19:00,transfer,offline,0.0
ORD000087,C0129,2025-12-28T04:19:00,e-wallet,offline,0.0
ORD000088,C0115,2025-09-29T03:23:00,transfer,offline,10000.0
ORD000089,C0175,2025-04-17T03:37:00,e-wallet,online,10000.0
ORD000090,C0102,2025-05-11T16:47:00,cash,online,0.0
ORD000091,C0121,2025-01-17T20:26:00,e-wallet,offline,0.0
ORD000092,C0097,2025-07-12T17:43:00,cash,shopee,10000.0
ORD000093,C0029,2025-01-18T04:42:00,cash,online,0.0
ORD000094,C0060,2025-10-04T19:48:00,card,offline,0.0
ORD000095,C0013,2025-06-27T02:42:00,transfer,shopee,0.0
ORD000096,C0182,2025-03-16T04:29:00,cash,website,0.0
ORD000097,C0019,2025-04-08T04:48:00,card,offline,0.0
ORD000098,C0194,2025-09-03T19:44:00,card,offline,0.0
ORD000099,C0053,2025-07-09T21:26:00,card,offline,50000.0
ORD000100,C0146,2025-05-06T23:35:00,e-wallet,online,0.0
ORD000101,C0165,2025-02-01T00:02:00,cash,shopee,0.0
ORD000102,C0142,2025-07-30T16:01:00,e-wallet,shopee,0.0
ORD000103,C0135,2025-05-10T21:17:00,card,shopee,0.0
ORD000104,C0003,2025-12-26T18:05:00,cash,website,0.0
ORD000105,C0012,2025-02-09T02:59:00,cash,website,20000.0
ORD000106,C0145,2025-05-05T01:53:00,cash,online,0.0
ORD000107,C0197,2025-11-12T01:25:00,e-wallet,offline,0.0
ORD000108,C0028,2025-02-16T16:19:00,e-wallet,offline,0.0
ORD000109,C0106,2025-07-19T04:05:00,transfer,offline,0.0
ORD000110,C0020,2025-07-04T20:15:00,e-wallet,offline,5000.0
ORD000111,C0153,2025-03-11T20:20:00,e-wallet,website,0.0
ORD000112,C0140,2025-04-04T02:49:00,e-wallet,shopee,0.0
ORD000113,C0036,2025-11-21T20:15:00,e-wallet,online,0.0
ORD000114,C0153,2025-11-23T17:06:00,e-wallet,website,0.0
ORD000115,C0133,2025-10-14T01:44:00,transfer,offline,0.0
ORD000116,C0022,2025-03-02T03:09:00,card,online,0.0
ORD000117,C0208,2025-12-30T17:01:00,transfer,online,0.0
ORD000118,C0048,2025-11-25T02:27:00,cash,shopee,0.0
ORD000119,C0205,2025-10-02T18:23:00,card,online,0.0
ORD000120,C0217,2025-08-24T01:11:00,transfer,offline,5000.0
ORD000121,C0048,2025-09-08T02:34:00,transfer,offline,0.0
ORD000122,C0130,2025-12-01T23:26:00,card,offline,10000.0
ORD000123,C0069,2025-10-06T21:34:00,cash,shopee,0.0
ORD000124,C0031,2025-05-02T19:51:00,transfer,shopee,0.0
ORD000125,C0181,2025-05-30T20:36:00,cash,website,50000.0
ORD000126,C0195,2025-12-13T22:31:00,e-wallet,online,0.0
ORD000127,C0192,2025-05-24T03:59:00,card,website,0.0
ORD000128,C0196,2025-01-25T16:06:00,e-wallet,offline,0.0
ORD000129,C0161,2025-06-07T03:44:00,cash,offline,0.0
ORD000130,C0109,2025-12-22T18:30:00,cash,offline,0.0
ORD000131,C0199,2025-03-11T02:43:00,e-wallet,offline,10000.0
ORD000132,C0039,2025-07-31T01:43:00,e-wallet,offline,5000.0
ORD000133,C0166,2025-02-13T19:35:00,transfer,online,20000.0
ORD000134,C0062,2025-09-11T22:07:00,card,website,5000.0
ORD000135,C0215,2025-10-19T22:23:00,cash,offline,0.0
ORD000136,C0016,2025-07-24T00:18:00,transfer,offline,0.0
ORD000137,C0165,2025-02-03T20:44:00,e-wallet,offline,0.0
ORD000138,C0169,2025-03-31T17:00:00,transfer,offline,0.0
ORD000139,C0148,2025-11-18T17:31:00,card,shopee,0.0
ORD000140,C0220,2025-01-07T19:02:00,e-wallet,offline,0.0
ORD000141,C0020,2025-10-20T21:07:00,cash,website,0.0
ORD000142,C0142,2025-08-22T16:23:00,transfer,online,0.0
ORD000143,C0199,2025-04-12T03:57:00,cash,website,20000.0
ORD000144,C0136,2025-05-02T22:31:00,e-wallet,website,0.0
ORD000145,C0082,2025-08-20T20:14:00,transfer,offline,0.0
ORD000146,C0105,2025-03-04T00:22:00,cash,offline,0.0
ORD000147,C0141,2025-05-08T17:29:00,transfer,offline,10000.0
ORD000148,C0067,2025-02-08T16:04:00,cash,website,0.0
ORD000149,C0119,2025-01-26T18:59:00,transfer,offline,0.0
ORD000150,C0166,2025-06-01T23:26:00,transfer,online,0.0
ORD000151,C0007,2025-06-14T01:14:00,e-wallet,online,0.0
ORD000152,C0026,2025-05-08T02:15:00,e-wallet,offline,0.0
ORD000153,C0189,2025-12-24T21:58:00,e-wallet,online,10000.0
ORD000154,C0135,2025-09-02T16:21:00,cash,shopee,10000.0
ORD000155,C0144,2025-12-23T01:50:00,card,offline,0.0
ORD000156,C0155,2025-06-13T04:39:00,transfer,offline,0.0
ORD000157,C0082,2025-03-28T02:56:00,cash,shopee,0.0
ORD000158,C0019,2025-01-18T20:01:00,transfer,shopee,50000.0
ORD000159,C0158,2025-09-06T03:01:00,cash,offline,0.0
ORD000160,C0068,2025-12-05T20:19:00,e-wallet,offline,0.0
ORD000161,C0023,2025-06-01T02:40:00,card,shopee,5000.0
ORD000162,C0115,2025-01-23T20:28:00,cash,shopee,5000.0
ORD000163,C0016,2025-07-19T00:26:00,cash,online,0.0
ORD000164,C0021,2025-12-16T22:12:00,card,website,0.0
ORD000165,C0026,2025-05-28T00:56:00,e-wallet,offline,0.0
ORD000166,C0178,2025-07-25T16:25:00,card,offline,20000.0
ORD000167,C0023,2025-04-07T23:13:00,cash,offline,0.0
ORD000168,C0117,2025-01-26T21:45:00,cash,shopee,0.0
ORD000169,C0122,2025-10-29T00:22:00,e-wallet,offline,5000.0
ORD000170,C0174,2025-04-16T20:41:00,transfer,online,10000.0
ORD000171,C0182,2025-11-26T20:27:00,cash,offline,0.0
ORD000172,C0071,2025-05-15T02:45:00,card,shopee,0.0
ORD000173,C0164,2025-09-02T02:22:00,card,shopee,10000.0
ORD000174,C0191,2025-06-07T22:50:00,cash,online,0.0
ORD000175,C0052,2025-06-25T22:36:00,card,online,0.0
ORD000176,C0123,2025-07-16T16:02:00,transfer,offline,0.0
ORD000177,C0089,2025-06-09T18:06:00,card,offline,0.0
ORD000178,C0058,2025-03-09T19:46:00,e-wallet,website,5000.0
ORD000179,C0153,2025-01-26T02:06:00,e-wallet,shopee,0.0
ORD000180,C0170,2025-09-24T20:39:00,cash,online,5000.0
ORD000181,C0054,2025-12-19T23:21:00,transfer,website,50000.0
ORD000182,C0117,2025-06-01T20:29:00,card,shopee,0.0
ORD000183,C0030,2025-02-19T04:56:00,e-wallet,website,20000.0
ORD000184,C0209,2025-06-25T18:07:00,e-wallet,online,0.0
ORD000185,C0152,2025-09-06T04:36:00,transfer,online,0.0
ORD000186,C0174,2025-09-27T04:47:00,cash,offline,0.0
ORD000187,C0212,2025-10-14T01:03:00,e-wallet,website,0.0
ORD000188,C0126,2025-06-14T19:21:00,e-wallet,offline,0.0
ORD000189,C0024,2025-11-07T01:40:00,card,offline,0.0
ORD000190,C0159,2025-11-04T23:45:00,card,online,0.0
ORD000191,C0031,2025-07-21T19:29:00,cash,shopee,0.0
ORD000192,C0131,2025-04-02T03:37:00,card,online,0.0
ORD000193,C0071,2025-07-23T21:18:00,card,shopee,0.0
ORD000194,C0052,2025-04-19T01:45:00,card,shopee,0.0
ORD000195,C0171,2025-12-30T22:43:00,cash,shopee,10000.0
ORD000196,C0076,2025-04-16T04:34:00,transfer,shopee,0.0
ORD000197,C0074,2025-12-22T02:03:00,transfer,online,20000.0
ORD000198,C0045,2025-09-21T17:24:00,transfer,online,0.0
ORD000199,C0120,2025-12-30T18:02:00,e-wallet,shopee,20000.0
ORD000200,C0201,2025-12-29T21:33:00,e-wallet,online,10000.0
ORD000201,C0057,2025-04-21T02:21:00,e-wallet,website,0.0
ORD000202,C0165,2025-11-12T01:15:00,card,offline,0.0
ORD000203,C0198,2025-10-04T00:00:00,cash,offline,0.0
ORD000204,C0118,2025-06-19T16:05:00,cash,online,0.0
ORD000205,C0116,2025-11-19T22:27:00,cash,shopee,5000.0
ORD000206,C0202,2025-12-18T20:38:00,e-wallet,shopee,0.0
ORD000207,C0137,2025-04-23T18:47:00,transfer,offline,0.0
ORD000208,C0011,2025-01-04T01:38:00,card,offline,0.0
ORD000209,C0214,2025-05-10T19:07:00,e-wallet,online,0.0
ORD000210,C0018,2025-05-09T17:12:00,transfer,offline,5000.0
ORD000211,C0081,2025-08-08T18:00:00,card,offline,0.0
ORD000212,C0028,2025-04-01T02:38:00,transfer,offline,0.0
ORD000213,C0020,2025-01-11T00:40:00,cash,online,0.0
ORD000214,C0058,2025-10-30T03:54:00,cash,shopee,0.0
ORD000215,C0041,2025-04-03T01:36:00,cash,offline,0.0
ORD000216,C0167,2025-06-15T17:45:00,cash,online,0.0
ORD000217,C0059,2025-02-10T00:41:00,transfer,offline,0.0
ORD000218,C0214,2025-07-30T16:15:00,cash,website,0.0
ORD000219,C0104,2025-11-04T01:40:00,card,website,0.0
ORD000220,C0121,2025-09-04T18:14:00,card,offline,0.0
ORD000221,C0099,2025-03-09T17:01:00,transfer,online,0.0
ORD000222,C0201,2025-10-01T00:48:00,cash,website,0.0
ORD000223,C0110,2025-04-29T04:30:00,card,online,10000.0
ORD000224,C0191,2025-01-05T01:33:00,card,offline,0.0
ORD000225,C0167,2025-10-27T20:16:00,e-wallet,offline,0.0
ORD000226,C0087,2025-10-10T01:44:00,transfer,online,0.0
ORD000227,C0010,2025-07-16T22:39:00,e-wallet,offline,50000.0
ORD000228,C0168,2025-01-01T18:05:00,card,offline,0.0
ORD000229,C0148,2025-05-10T03:28:00,e-wallet,online,5000.0
ORD000230,C0091,2025-04-23T01:17:00,transfer,offline,0.0
ORD000231,C0052,2025-05-09T01:22:00,e-wallet,online,0.0
ORD000232,C0096,2025-11-14T21:31:00,e-wallet,offline,0.0
ORD000233,C0176,2025-03-31T23:07:00,card,offline,0.0
ORD000234,C0103,2025-05-24T23:11:00,transfer,online,0.0
ORD000235,C0207,2025-01-05T18:26:00,e-wallet,offline,0.0
ORD000236,C0016,2025-04-21T20:30:00,card,offline,0.0
ORD000237,C0200,2025-05-26T21:20:00,transfer,website,0.0
ORD000238,C0042,2025-06-25T19:20:00,card,website,0.0
ORD000239,C0048,2025-01-12T18:46:00,cash,offline,0.0
ORD000240,C0017,2025-09-01T00:03:00,cash,offline,0.0
ORD000241,C0168,2025-07-19T20:14:00,transfer,online,0.0
ORD000242,C0170,2025-07-02T21:55:00,transfer,online,0.0
ORD000243,C0089,2025-09-05T00:14:00,card,offline,10000.0
ORD000244,C0002,2025-10-08T21:12:00,e-wallet,offline,50000.0
ORD000245,C0205,2025-11-11T04:44:00,transfer,offline,0.0
ORD000246,C0083,2025-01-10T18:03:00,card,offline,10000.0
ORD000247,C0032,2025-05-08T22:49:00,card,website,0.0
ORD000248,C0043,2025-05-23T01:07:00,transfer,offline,0.0
ORD000249,C0159,2025-06-24T04:40:00,cash,offline,0.0
ORD000250,C0207,2025-08-14T03:12:00,card,website,0.0
ORD000251,C0139,2025-12-23T23:12:00,transfer,offline,0.0
ORD000252,C0117,2025-01-02T04:40:00,transfer,offline,0.0
ORD000253,C0175,2025-09-13T04:35:00,card,offline,0.0
ORD000254,C0012,2025-03-08T18:55:00,cash,online,0.0
ORD000255,C0135,2025-11-17T03:37:00,transfer,shopee,0.0
ORD000256,C0191,2025-08-01T21:50:00,cash,offline,0.0
ORD000257,C0028,2025-11-24T01:22:00,transfer,online,0.0
ORD000258,C0145,2025-10-07T19:24:00,cash,website,0.0
ORD000259,C0211,2025-12-20T20:58:00,e-wallet,offline,5000.0
ORD000260,C0066,2025-06-03T17:36:00,transfer,online,0.0
ORD000261,C0207,2025-10-23T22:05:00,cash,website,0.0
ORD000262,C0139,2025-10-17T18:20:00,e-wallet,website,0.0
ORD000263,C0075,2025-07-21T18:08:00,e-wallet,online,0.0
ORD000264,C0158,2025-09-26T19:15:00,cash,offline,0.0
ORD000265,C0090,2025-04-08T21:22:00,e-wallet,online,0.0
ORD000266,C0187,2025-02-13T17:47:00,card,offline,0.0
ORD000267,C0121,2025-01-12T21:13:00,transfer,shopee,0.0
ORD000268,C0179,2025-11-13T20:03:00,card,website,0.0
ORD000269,C0098,2025-09-19T03:06:00,cash,offline,0.0
ORD000270,C0078,2025-05-02T00:17:00,card,offline,0.0
ORD000271,C0107,2025-05-05T01:09:00,transfer,offline,0.0
ORD000272,C0181,2025-09-26T18:27:00,cash,offline,0.0
ORD000273,C0156,2025-10-19T01:14:00,transfer,online,0.0
ORD000274,C0036,2025-03-25T19:14:00,e-wallet,offline,20000.0
ORD000275,C0113,2025-11-12T23:44:00,cash,online,0.0
ORD000276,C0135,2025-11-26T03:50:00,cash,website,0.0
ORD000277,C0102,2025-01-22T00:24:00,e-wallet,website,0.0
ORD000278,C0014,2025-12-21T00:57:00,cash,offline,0.0
ORD000279,C0083,2025-08-19T16:11:00,cash,offline,0.0
ORD000280,C0022,2025-09-27T03:24:00,transfer,offline,20000.0
ORD000281,C0197,2025-08-17T20:40:00,cash,online,0.0
ORD000282,C0128,2025-09-14T00:51:00,e-wallet,online,0.0
ORD000283,C0141,2025-05-24T01:40:00,card,offline,5000.0
ORD000284,C0178,2025-12-26T01:36:00,card,offline,20000.0
ORD000285,C0178,2025-05-21T21:33:00,e-wallet,shopee,5000.0
ORD000286,C0074,2025-08-08T01:54:00,e-wallet,online,0.0
ORD000287,C0204,2025-03-03T03:54:00,cash,offline,0.0
ORD000288,C0164,2025-04-15T03:18:00,cash,shopee,0.0
ORD000289,C0214,2025-06-24T02:30:00,card,online,0.0
ORD000290,C0176,2025-06-20T04:58:00,e-wallet,offline,0.0
ORD000291,C0213,2025-06-04T19:33:00,cash,offline,0.0
ORD000292,C0124,2025-09-26T20:49:00,transfer,offline,0.0
ORD000293,C0080,2025-01-24T02:54:00,cash,online,20000.0
ORD000294,C0050,2025-05-27T20:34:00,cash,offline,20000.0
ORD000295,C0090,2025-10-09T21:17:00,cash,offline,0.0
ORD000296,C0121,2025-12-12T16:06:00,e-wallet,online,0.0
ORD000297,C0137,2025-02-11T04:48:00,e-wallet,offline,0.0
ORD000298,C0158,2025-05-13T21:25:00,card,online,0.0
ORD000299,C0029,2025-06-29T23:29:00,cash,offline,0.0
ORD000300,C0141,2025-03-23T23:24:00,e-wallet,shopee,0.0
ORD000301,C0088,2025-10-07T03:15:00,e-wallet,offline,0.0
ORD000302,C0143,2025-02-19T23:11:00,e-wallet,offline,0.0
ORD000303,C0036,2025-10-26T04:40:00,e-wallet,offline,0.0
ORD000304,C0157,2025-09-19T22:54:00,cash,offline,0.0
ORD000305,C0073,2025-01-16T19:27:00,transfer,shopee,0.0
ORD000306,C0093,2025-08-02T18:18:00,cash,offline,0.0
ORD000307,C0128,2025-05-03T03:32:00,card,offline,50000.0
ORD000308,C0021,2025-09-26T01:05:00,cash,shopee,0.0
ORD000309,C0014,2025-06-26T00:49:00,card,offline,0.0
ORD000310,C0010,2025-12-23T01:47:00,transfer,online,0.0
ORD000311,C0033,2025-09-16T17:54:00,cash,online,0.0
ORD000312,C0205,2025-09-28T16:21:00,transfer,offline,0.0
ORD000313,C0038,2025-09-29T22:00:00,cash,offline,0.0
ORD000314,C0167,2025-05-20T21:17:00,transfer,shopee,0.0
ORD000315,C0003,2025-12-11T16:53:00,e-wallet,offline,0.0
ORD000316,C0050,2025-01-18T16:39:00,transfer,website,0.0
ORD000317,C0220,2025-11-06T18:24:00,card,offline,0.0
ORD000318,C0200,2025-02-07T20:49:00,card,website,0.0
ORD000319,C0018,2025-09-09T19:39:00,e-wallet,offline,0.0
ORD000320,C0019,2025-02-07T01:46:00,cash,shopee,5000.0
ORD000321,C0132,2025-12-30T04:31:00,cash,online,0.0
ORD000322,C0138,2025-07-03T21:43:00,card,offline,0.0
ORD000323,C0011,2025-07-17T02:12:00,e-wallet,offline,0.0
ORD000324,C0152,2025-05-03T23:24:00,e-wallet,website,0.0
ORD000325,C0015,2025-06-23T04:46:00,e-wallet,website,0.0
ORD000326,C0149,2025-04-30T17:02:00,transfer,offline,0.0
ORD000327,C0210,2025-02-24T17:31:00,e-wallet,offline,0.0
ORD000328,C0086,2025-02-02T17:17:00,transfer,offline,0.0
ORD000329,C0026,2025-11-21T01:24:00,e-wallet,shopee,20000.0
ORD000330,C0106,2025-05-03T18:39:00,card,offline,20000.0
ORD000331,C0195,2025-10-05T00:14:00,transfer,shopee,5000.0
ORD000332,C0012,2025-01-29T02:23:00,e-wallet,offline,0.0
ORD000333,C0030,2025-02-06T19:46:00,cash,offline,0.0
ORD000334,C0150,2025-09-06T16:56:00,transfer,online,20000.0
ORD000335,C0033,2025-01-18T03:36:00,e-wallet,offline,0.0
ORD000336,C0076,2025-11-06T18:50:00,e-wallet,website,0.0
ORD000337,C0084,2025-08-12T01:14:00,cash,offline,0.0
ORD000338,C0105,2025-04-22T18:22:00,card,offline,0.0
ORD000339,C0036,2025-12-27T22:11:00,card,online,0.0
ORD000340,C0173,2025-07-06T16:07:00,cash,online,0.0
ORD000341,C0030,2025-11-29T23:47:00,card,offline,0.0
ORD000342,C0208,2025-02-03T19:57:00,card,offline,10000.0
ORD000343,C0108,2025-08-17T03:41:00,card,offline,0.0
ORD000344,C0171,2025-12-24T00:53:00,card,offline,0.0
ORD000345,C0013,2025-03-17T21:18:00,transfer,offline,0.0
ORD000346,C0048,2025-04-17T00:45:00,card,offline,0.0
ORD000347,C0032,2025-01-13T22:59:00,cash,website,0.0
ORD000348,C0075,2025-10-22T02:09:00,cash,offline,50000.0
ORD000349,C0024,2025-06-17T16:38:00,cash,website,50000.0
ORD000350,C0184,2025-08-07T21:24:00,cash,offline,0.0
ORD000351,C0207,2025-08-07T03:57:00,card,offline,0.0
ORD000352,C0070,2025-08-01T18:35:00,e-wallet,offline,0.0
ORD000353,C0144,2025-08-26T19:01:00,e-wallet,offline,20000.0
ORD000354,C0145,2025-08-12T20:40:00,transfer,online,20000.0
ORD000355,C0093,2025-08-04T02:58:00,transfer,online,0.0
ORD000356,C0133,2025-05-25T21:49:00,transfer,shopee,10000.0
ORD000357,C0180,2025-02-28T22:29:00,card,offline,50000.0
ORD000358,C0034,2025-02-10T22:44:00,cash,shopee,0.0
ORD000359,C0194,2025-02-20T04:07:00,card,offline,0.0
ORD000360,C0194,2025-10-03T16:46:00,e-wallet,offline,0.0
ORD000361,C0173,2025-02-24T18:53:00,cash,shopee,0.0
ORD000362,C0127,2025-07-05T03:18:00,e-wallet,online,20000.0
ORD000363,C0105,2025-05-29T22:12:00,cash,offline,0.0
ORD000364,C0051,2025-06-23T19:38:00,card,shopee,0.0
ORD000365,C0197,2025-08-21T17:07:00,cash,shopee,5000.0
ORD000366,C0174,2025-06-17T18:19:00,transfer,offline,0.0
ORD000367,C0196,2025-01-17T22:56:00,card,website,0.0
ORD000368,C0176,2025-10-05T01:30:00,e-wallet,online,0.0
ORD000369,C0094,2025-06-29T04:47:00,e-wallet,offline,0.0
ORD000370,C0064,2025-05-02T02:19:00,cash,online,0.0
ORD000371,C0179,2025-08-30T01:01:00,card,online,0.0
ORD000372,C0216,2025-10-02T19:18:00,cash,shopee,0.0
ORD000373,C0146,2025-09-29T23:27:00,card,offline,0.0
ORD000374,C0107,2025-07-25T20:39:00,transfer,online,0.0
ORD000375,C0164,2025-10-01T04:39:00,transfer,offline,0.0
ORD000376,C0061,2025-07-27T19:07:00,e-wallet,online,0.0
ORD000377,C0010,2025-04-14T18:17:00,transfer,online,0.0
ORD000378,C0006,2025-01-29T17:20:00,transfer,offline,10000.0
ORD000379,C0065,2025-09-12T17:15:00,e-wallet,shopee,0.0
ORD000380,C0028,2025-03-31T19:17:00,cash,offline,0.0
ORD000381,C0184,2025-07-08T20:01:00,card,online,10000.0
ORD000382,C0100,2025-01-05T22:59:00,card,website,0.0
ORD000383,C0108,2025-11-06T03:52:00,transfer,online,0.0
ORD000384,C0081,2025-10-22T17:07:00,transfer,shopee,0.0
ORD000385,C0123,2025-03-10T20:11:00,transfer,offline,0.0
ORD000386,C0159,2025-08-09T01:16:00,cash,shopee,5000.0
ORD000387,C0212,2025-12-11T23:07:00,card,offline,0.0
ORD000388,C0111,2025-04-17T01:13:00,card,offline,0.0
ORD000389,C0189,2025-11-02T20:04:00,card,website,0.0
ORD000390,C0159,2025-07-15T20:25:00,e-wallet,website,10000.0
ORD000391,C0012,2025-03-07T23:55:00,card,offline,0.0
ORD000392,C0067,2025-03-26T03:29:00,e-wallet,online,0.0
ORD000393,C0053,2025-05-26T18:53:00,transfer,online,0.0
ORD000394,C0147,2025-04-03T22:58:00,card,offline,0.0
ORD000395,C0152,2025-02-24T21:09:00,card,online,0.0
ORD000396,C0012,2025-12-03T01:28:00,transfer,website,0.0
ORD000397,C0155,2025-07-15T17:25:00,cash,website,0.0
ORD000398,C0193,2025-12-01T18:07:00,transfer,offline,0.0
ORD000399,C0100,2025-09-01T20:36:00,cash,offline,0.0
ORD000400,C0206,2025-09-02T20:09:00,cash,online,0.0
ORD000401,C0129,2025-01-09T17:47:00,card,online,20000.0
ORD000402,C0208,2025-04-06T19:11:00,e-wallet,online,0.0
ORD000403,C0123,2025-08-25T03:25:00,e-wallet,shopee,0.0
ORD000404,C0049,2025-01-14T19:30:00,transfer,offline,0.0
ORD000405,C0040,2025-12-26T23:31:00,cash,offline,0.0
ORD000406,C0107,2025-09-12T03:37:00,e-wallet,online,0.0
ORD000407,C0016,2025-09-28T16:27:00,e-wallet,offline,0.0
ORD000408,C0042,2025-05-29T03:12:00,card,website,0.0
ORD000409,C0107,2025-12-12T02:47:00,cash,shopee,0.0
ORD000410,C0127,2025-06-05T19:13:00,transfer,shopee,0.0
ORD000411,C0031,2025-10-15T19:31:00,card,website,0.0
ORD000412,C0194,2025-02-26T17:50:00,transfer,website,5000.0
ORD000413,C0036,2025-03-04T19:28:00,e-wallet,offline,0.0
ORD000414,C0133,2025-12-16T21:01:00,cash,offline,0.0
ORD000415,C0016,2025-07-22T04:02:00,card,offline,0.0
ORD000416,C0157,2025-03-18T03:25:00,e-wallet,shopee,0.0
ORD000417,C0139,2025-05-26T19:05:00,cash,offline,0.0
ORD000418,C0109,2025-09-16T17:46:00,card,offline,0.0
ORD000419,C0147,2025-01-03T23:21:00,card,offline,0.0
ORD000420,C0038,2025-12-31T22:53:00,e-wallet,offline,10000.0
ORD000421,C0200,2025-07-22T20:37:00,e-wallet,shopee,0.0
ORD000422,C0118,2025-03-09T03:32:00,cash,online,0.0
ORD000423,C0096,2025-06-05T20:31:00,e-wallet,offline,0.0
ORD000424,C0210,2025-09-08T16:07:00,e-wallet,website,0.0
ORD000425,C0036,2025-09-17T02:29:00,e-wallet,offline,0.0
ORD000426,C0043,2025-12-29T16:36:00,cash,offline,0.0
ORD000427,C0005,2025-03-04T02:59:00,e-wallet,offline,0.0
ORD000428,C0112,2025-04-03T22:01:00,transfer,offline,10000.0
ORD000429,C0183,2025-01-30T20:24:00,card,offline,0.0
ORD000430,C0062,2025-11-03T01:15:00,e-wallet,offline,50000.0
ORD000431,C0064,2025-10-13T02:50:00,transfer,shopee,0.0
ORD000432,C0044,2025-05-07T00:27:00,e-wallet,offline,5000.0
ORD000433,C0179,2025-03-04T18:46:00,card,website,0.0
ORD000434,C0170,2025-06-14T21:13:00,cash,online,0.0
ORD000435,C0179,2025-12-27T23:48:00,e-wallet,shopee,0.0
ORD000436,C0046,2025-12-23T16:07:00,cash,shopee,0.0
ORD000437,C0207,2025-04-24T19:31:00,e-wallet,offline,20000.0
ORD000438,C0146,2025-04-28T00:46:00,e-wallet,offline,0.0
ORD000439,C0105,2025-05-21T17:43:00,cash,offline,10000.0
ORD000440,C0050,2025-06-21T17:56:00,transfer,offline,10000.0
ORD000441,C0161,2025-06-21T20:15:00,cash,shopee,0.0
ORD000442,C0199,2025-11-05T01:28:00,cash,shopee,0.0
ORD000443,C0098,2025-07-25T17:39:00,e-wallet,shopee,50000.0
ORD000444,C0085,2025-10-28T19:06:00,transfer,online,10000.0
ORD000445,C0124,2025-11-14T23:11:00,e-wallet,online,20000.0
ORD000446,C0139,2025-03-16T18:30:00,transfer,offline,0.0
ORD000447,C0052,2025-02-05T21:12:00,card,online,0.0
ORD000448,C0001,2025-11-24T19:44:00,card,shopee,0.0
ORD000449,C0048,2025-01-04T21:00:00,e-wallet,offline,20000.0
ORD000450,C0008,2025-04-12T19:18:00,transfer,offline,0.0
ORD000451,C0068,2025-02-21T16:53:00,transfer,offline,0.0
ORD000452,C0049,2025-04-10T00:24:00,transfer,website,0.0
ORD000453,C0150,2025-09-08T19:46:00,cash,offline,0.0
ORD000454,C0131,2025-07-11T23:33:00,e-wallet,online,0.0
ORD000455,C0054,2025-04-23T19:28:00,cash,offline,0.0
ORD000456,C0110,2025-08-19T23:27:00,transfer,offline,0.0
ORD000457,C0129,2025-09-21T00:41:00,cash,offline,0.0
ORD000458,C0086,2025-04-12T02:21:00,transfer,website,0.0
ORD000459,C0104,2025-10-25T04:41:00,transfer,website,0.0
ORD000460,C0192,2025-04-18T23:14:00,cash,offline,0.0
ORD000461,C0116,2025-10-13T16:23:00,e-wallet,shopee,0.0
ORD000462,C0193,2025-07-27T04:49:00,e-wallet,website,20000.0
ORD000463,C0116,2025-11-24T20:05:00,cash,offline,50000.0
ORD000464,C0053,2025-04-30T20:42:00,e-wallet,offline,0.0
ORD000465,C0053,2025-03-08T19:19:00,transfer,online,0.0
ORD000466,C0212,2025-07-25T01:51:00,e-wallet,online,0.0
ORD000467,C0024,2025-05-29T02:56:00,e-wallet,offline,50000.0
ORD000468,C0171,2025-02-05T03:46:00,cash,shopee,0.0
ORD000469,C0119,2025-01-14T17:40:00,transfer,offline,5000.0
ORD000470,C0044,2025-01-11T01:06:00,transfer,offline,0.0
ORD000471,C0040,2025-08-14T21:11:00,transfer,offline,0.0
ORD000472,C0165,2025-12-07T03:42:00,transfer,offline,0.0
ORD000473,C0025,2025-12-07T18:46:00,card,online,20000.0
ORD000474,C0139,2025-07-22T22:07:00,cash,offline,0.0
ORD000475,C0055,2025-08-23T19:04:00,e-wallet,offline,0.0
ORD000476,C0025,2025-11-04T21:40:00,card,website,0.0
ORD000477,C0131,2025-11-25T03:14:00,e-wallet,shopee,10000.0
ORD000478,C0097,2025-04-16T02:02:00,e-wallet,shopee,0.0
ORD000479,C0082,2025-11-27T04:48:00,cash,offline,0.0
ORD000480,C0171,2025-05-09T04:43:00,cash,website,0.0
ORD000481,C0021,2025-08-08T03:29:00,card,offline,10000.0
ORD000482,C0093,2025-07-23T22:10:00,transfer,shopee,0.0
ORD000483,C0022,2025-06-04T01:34:00,e-wallet,offline,0.0
ORD000484,C0156,2025-09-04T17:21:00,cash,offline,10000.0
ORD000485,C0104,2025-08-01T22:47:00,e-wallet,website,0.0
ORD000486,C0196,2025-08-12T20:49:00,e-wallet,website,0.0
ORD000487,C0117,2025-12-15T18:16:00,cash,online,5000.0
ORD000488,C0151,2025-02-12T00:58:00,card,shopee,0.0
ORD000489,C0098,2025-10-28T20:46:00,card,shopee,0.0
ORD000490,C0002,2025-03-28T23:00:00,e-wallet,shopee,0.0
ORD000491,C0096,2025-04-07T03:08:00,e-wallet,online,0.0
ORD000492,C0016,2025-04-05T04:48:00,cash,website,0.0
ORD000493,C0022,2025-07-13T17:17:00,e-wallet,shopee,0.0
ORD000494,C0069,2025-01-05T02:37:00,card,website,0.0
ORD000495,C0097,2025-11-09T16:22:00,card,website,5000.0
ORD000496,C0164,2025-06-14T16:40:00,e-wallet,offline,0.0
ORD000497,C0122,2025-12-05T03:57:00,transfer,website,0.0
ORD000498,C0009,2025-03-07T23:50:00,e-wallet,offline,0.0
ORD000499,C0139,2025-05-04T19:13:00,cash,offline,0.0
ORD000500,C0084,2025-07-17T04:17:00,cash,shopee,0.0
ORD000501,C0126,2025-02-17T04:44:00,e-wallet,website,20000.0
ORD000502,C0060,2025-04-25T20:07:00,transfer,shopee,0.0
ORD000503,C0148,2025-01-01T20:03:00,transfer,online,0.0
ORD000504,C0209,2025-06-01T19:31:00,cash,online,0.0
ORD000505,C0213,2025-04-21T23:18:00,transfer,shopee,0.0
ORD000506,C0101,2025-02-07T00:46:00,card,online,5000.0
ORD000507,C0186,2025-10-22T17:43:00,e-wallet,offline,20000.0
ORD000508,C0104,2025-05-06T16:07:00,transfer,shopee,0.0
ORD000509,C0172,2025-12-04T17:49:00,cash,offline,0.0
ORD000510,C0147,2025-09-03T20:44:00,cash,offline,0.0
ORD000511,C0150,2025-10-04T03:52:00,transfer,offline,0.0
ORD000512,C0066,2025-01-18T17:07:00,cash,offline,0.0
ORD000513,C0126,2025-12-22T21:33:00,transfer,offline,5000.0
ORD000514,C0141,2025-05-11T20:24:00,transfer,online,0.0
ORD000515,C0108,2025-03-20T21:50:00,e-wallet,offline,5000.0
ORD000516,C0205,2025-04-26T20:00:00,cash,offline,0.0
ORD000517,C0090,2025-12-26T01:55:00,e-wallet,offline,20000.0
ORD000518,C0218,2025-07-26T23:37:00,transfer,offline,10000.0
ORD000519,C0156,2025-08-04T03:29:00,card,website,0.0
ORD000520,C0209,2025-04-28T20:40:00,cash,offline,10000.0
ORD000521,C0188,2025-03-11T23:31:00,transfer,website,0.0
ORD000522,C0190,2025-12-06T00:43:00,cash,offline,0.0
ORD000523,C0174,2025-05-09T00:54:00,e-wallet,offline,0.0
ORD000524,C0015,2025-07-02T16:39:00,transfer,offline,0.0
ORD000525,C0136,2025-09-21T18:26:00,transfer,online,0.0
ORD000526,C0069,2025-02-25T23:42:00,transfer,offline,0.0
ORD000527,C0126,2025-10-09T23:51:00,e-wallet,offline,0.0
ORD000528,C0213,2025-06-25T22:38:00,transfer,shopee,0.0
ORD000529,C0110,2025-04-12T23:45:00,transfer,offline,0.0
ORD000530,C0052,2025-02-16T16:24:00,card,offline,0.0
ORD000531,C0069,2025-07-06T20:22:00,transfer,offline,20000.0
ORD000532,C0078,2025-02-27T17:42:00,card,offline,0.0
ORD000533,C0155,2025-07-10T19:41:00,cash,offline,0.0
ORD000534,C0078,2025-09-01T04:12:00,card,website,0.0
ORD000535,C0129,2025-01-12T18:38:00,e-wallet,online,10000.0
ORD000536,C0200,2025-07-19T22:38:00,e-wallet,online,0.0
ORD000537,C0044,2025-04-25T16:34:00,transfer,offline,20000.0
ORD000538,C0064,2025-04-19T00:07:00,cash,website,0.0
ORD000539,C0035,2025-07-30T01:18:00,transfer,offline,0.0
ORD000540,C0161,2025-11-22T01:35:00,transfer,online,0.0
ORD000541,C0060,2025-08-11T21:09:00,transfer,online,0.0
ORD000542,C0117,2025-11-27T22:06:00,cash,shopee,0.0
ORD000543,C0189,2025-06-24T03:05:00,transfer,offline,0.0
ORD000544,C0015,2025-10-07T03:17:00,e-wallet,offline,0.0
ORD000545,C0176,2025-02-27T23:10:00,cash,website,0.0
ORD000546,C0074,2025-06-28T17:17:00,transfer,offline,10000.0
ORD000547,C0099,2025-06-30T21:31:00,card,offline,0.0
ORD000548,C0137,2025-09-11T00:34:00,transfer,shopee,0.0
ORD000549,C0035,2025-02-26T16:58:00,transfer,offline,50000.0
ORD000550,C0007,2025-12-23T22:23:00,e-wallet,shopee,0.0
ORD000551,C0094,2025-03-14T17:15:00,transfer,shopee,0.0
ORD000552,C0179,2025-06-03T23:26:00,transfer,online,5000.0
ORD000553,C0182,2025-04-27T22:59:00,transfer,shopee,0.0
ORD000554,C0211,2025-10-15T01:53:00,e-wallet,shopee,0.0
ORD000555,C0096,2025-11-28T22:12:00,transfer,offline,0.0
ORD000556,C0194,2025-06-08T19:35:00,cash,website,0.0
ORD000557,C0203,2025-09-05T16:03:00,e-wallet,online,0.0
ORD000558,C0129,2025-03-18T16:37:00,transfer,website,5000.0
ORD000559,C0034,2025-06-23T20:23:00,cash,website,0.0
ORD000560,C0080,2025-10-09T04:50:00,card,offline,20000.0
ORD000561,C0125,2025-01-21T21:54:00,e-wallet,offline,0.0
ORD000562,C0068,2025-12-16T16:39:00,transfer,offline,0.0
ORD000563,C0085,2025-02-03T21:21:00,card,online,0.0
ORD000564,C0018,2025-05-21T22:05:00,cash,offline,0.0
ORD000565,C0090,2025-08-03T23:30:00,e-wallet,shopee,0.0
ORD000566,C0211,2025-06-12T16:09:00,cash,website,0.0
ORD000567,C0056,2025-06-28T19:12:00,e-wallet,offline,0.0
ORD000568,C0217,2025-12-05T03:43:00,cash,website,0.0
ORD000569,C0106,2025-02-23T23:47:00,cash,shopee,0.0
ORD000570,C0121,2025-03-05T21:50:00,card,offline,0.0
ORD000571,C0190,2025-11-04T21:21:00,e-wallet,offline,0.0
ORD000572,C0148,2025-08-08T18:40:00,transfer,offline,0.0
ORD000573,C0201,2025-07-21T04:40:00,transfer,offline,0.0
ORD000574,C0207,2025-07-14T04:16:00,cash,offline,0.0
ORD000575,C0127,2025-07-05T19:25:00,cash,offline,0.0
ORD000576,C0116,2025-03-24T18:19:00,cash,offline,0.0
ORD000577,C0158,2025-11-05T00:00:00,cash,online,0.0
ORD000578,C0040,2025-04-21T21:07:00,e-wallet,offline,20000.0
ORD000579,C0065,2025-03-30T19:43:00,e-wallet,offline,10000.0
ORD000580,C0052,2025-10-18T21:23:00,card,offline,0.0
ORD000581,C0200,2025-06-10T17:00:00,transfer,online,0.0
ORD000582,C0184,2025-11-09T04:55:00,transfer,offline,0.0
ORD000583,C0154,2025-06-18T01:24:00,cash,website,0.0
ORD000584,C0137,2025-09-28T16:21:00,card,offline,0.0
ORD000585,C0027,2025-01-15T19:03:00,cash,offline,0.0
ORD000586,C0013,2025-06-05T17:16:00,transfer,website,0.0
ORD000587,C0038,2025-10-27T22:40:00,card,offline,0.0
ORD000588,C0076,2025-12-31T17:22:00,cash,offline,50000.0
ORD000589,C0209,2025-10-31T04:33:00,transfer,shopee,0.0
ORD000590,C0116,2025-11-15T00:12:00,cash,offline,5000.0
ORD000591,C0111,2025-04-19T18:25:00,e-wallet,offline,50000.0
ORD000592,C0111,2025-02-26T02:03:00,card,offline,5000.0
ORD000593,C0074,2025-12-29T01:18:00,transfer,offline,0.0
ORD000594,C0046,2025-05-16T17:10:00,cash,offline,0.0
ORD000595,C0026,2025-06-06T04:47:00,card,offline,0.0
ORD000596,C0070,2025-12-19T00:46:00,card,online,0.0
ORD000597,C0097,2025-11-24T17:17:00,card,website,0.0
ORD000598,C0032,2025-08-11T04:29:00,e-wallet,shopee,10000.0
ORD000599,C0076,2025-01-08T23:02:00,cash,offline,0.0
ORD000600,C0073,2025-09-16T02:49:00,e-wallet,online,0.0
ORD000601,C0174,2025-11-23T22:27:00,card,offline,0.0
ORD000602,C0197,2025-04-13T20:08:00,e-wallet,online,0.0
ORD000603,C0129,2025-12-18T03:22:00,cash,website,0.0
ORD000604,C0194,2025-03-14T01:58:00,cash,shopee,20000.0
ORD000605,C0196,2025-09-23T23:53:00,card,online,0.0
ORD000606,C0177,2025-06-19T16:07:00,e-wallet,offline,0.0
ORD000607,C0031,2025-09-24T17:15:00,e-wallet,offline,0.0
ORD000608,C0124,2025-04-05T19:53:00,cash,offline,0.0
ORD000609,C0123,2025-05-29T20:42:00,e-wallet,shopee,0.0
ORD000610,C0073,2025-08-23T17:36:00,e-wallet,offline,0.0
ORD000611,C0220,2025-09-15T19:22:00,e-wallet,shopee,0.0
ORD000612,C0130,2025-12-05T00:16:00,card,online,0.0
ORD000613,C0008,2025-03-23T19:06:00,transfer,offline,0.0
ORD000614,C0217,2025-02-07T23:48:00,e-wallet,offline,5000.0
ORD000615,C0113,2025-12-14T20:14:00,transfer,offline,0.0
ORD000616,C0172,2025-02-19T19:02:00,e-wallet,offline,10000.0
ORD000617,C0113,2025-08-08T02:24:00,cash,online,0.0
ORD000618,C0148,2025-05-05T00:59:00,e-wallet,website,0.0
ORD000619,C0196,2025-01-31T18:13:00,transfer,online,0.0
ORD000620,C0019,2025-08-03T01:47:00,cash,offline,0.0
ORD000621,C0059,2025-01-11T16:01:00,e-wallet,offline,0.0
ORD000622,C0158,2025-07-08T21:12:00,transfer,offline,5000.0
ORD000623,C0015,2025-02-09T16:08:00,transfer,website,0.0
ORD000624,C0169,2025-02-09T17:16:00,card,website,0.0
ORD000625,C0072,2025-02-10T19:58:00,transfer,offline,0.0
ORD000626,C0167,2025-08-21T17:01:00,cash,offline,0.0
ORD000627,C0012,2025-04-25T19:24:00,cash,online,20000.0
ORD000628,C0194,2025-06-22T20:51:00,cash,shopee,0.0
ORD000629,C0185,2025-10-19T04:33:00,card,shopee,0.0
ORD000630,C0069,2025-12-04T20:50:00,transfer,offline,0.0
ORD000631,C0015,2025-10-24T17:17:00,card,website,0.0
ORD000632,C0010,2025-04-06T02:32:00,card,online,0.0
ORD000633,C0096,2025-12-15T22:04:00,card,online,0.0
ORD000634,C0200,2025-09-19T04:37:00,cash,website,5000.0
ORD000635,C0188,2025-03-05T00:51:00,e-wallet,offline,0.0
ORD000636,C0063,2025-06-18T19:51:00,e-wallet,offline,0.0
ORD000637,C0105,2025-12-13T01:42:00,card,offline,0.0
ORD000638,C0038,2025-10-22T23:40:00,e-wallet,shopee,0.0
ORD000639,C0179,2025-10-13T19:45:00,cash,website,0.0
ORD000640,C0214,2025-08-12T20:48:00,cash,offline,0.0
ORD000641,C0117,2025-07-14T21:28:00,cash,offline,0.0
ORD000642,C0145,2025-09-24T00:37:00,transfer,website,0.0
ORD000643,C0133,2025-05-24T01:56:00,e-wallet,offline,0.0
ORD000644,C0037,2025-02-19T19:35:00,cash,online,0.0
ORD000645,C0031,2025-08-16T22:31:00,cash,shopee,20000.0
ORD000646,C0117,2025-11-20T03:32:00,card,offline,5000.0
ORD000647,C0097,2025-04-24T02:12:00,cash,website,0.0
ORD000648,C0046,2025-01-20T22:44:00,transfer,website,0.0
ORD000649,C0092,2025-10-06T23:18:00,card,offline,0.0
ORD000650,C0170,2025-08-06T17:11:00,transfer,shopee,0.0
ORD000651,C0061,2025-01-15T20:17:00,card,shopee,20000.0
ORD000652,C0067,2025-01-28T20:31:00,transfer,online,0.0
ORD000653,C0181,2025-06-20T21:49:00,e-wallet,website,0.0
ORD000654,C0006,2025-09-27T17:32:00,transfer,offline,0.0
ORD000655,C0190,2025-05-19T17:04:00,e-wallet,offline,0.0
ORD000656,C0039,2025-02-19T03:37:00,cash,offline,0.0
ORD000657,C0024,2025-04-24T22:35:00,e-wallet,shopee,0.0
ORD000658,C0060,2025-08-17T21:30:00,cash,offline,0.0
ORD000659,C0022,2025-03-14T22:39:00,card,shopee,0.0
ORD000660,C0140,2025-09-13T21:41:00,cash,website,0.0
ORD000661,C0097,2025-03-08T04:00:00,cash,offline,0.0
ORD000662,C0192,2025-10-08T22:25:00,card,online,0.0
ORD000663,C0043,2025-03-14T20:33:00,transfer,website,0.0
ORD000664,C0121,2025-02-04T16:19:00,cash,offline,0.0
ORD000665,C0165,2025-12-04T19:04:00,transfer,shopee,5000.0
ORD000666,C0198,2025-11-01T01:17:00,transfer,offline,0.0
ORD000667,C0101,2025-07-14T04:24:00,transfer,website,0.0
ORD000668,C0143,2025-08-12T02:22:00,card,shopee,0.0
ORD000669,C0049,2025-07-15T21:11:00,cash,online,0.0
ORD000670,C0192,2025-11-29T04:34:00,transfer,offline,0.0
ORD000671,C0219,2025-04-11T02:39:00,transfer,website,0.0
ORD000672,C0212,2025-09-14T18:46:00,e-wallet,offline,0.0
ORD000673,C0088,2025-08-28T01:53:00,transfer,offline,5000.0
ORD000674,C0186,2025-05-07T20:53:00,card,offline,0.0
ORD000675,C0076,2025-05-14T03:28:00,e-wallet,shopee,0.0
ORD000676,C0180,2025-08-11T21:41:00,card,offline,0.0
ORD000677,C0120,2025-10-28T21:23:00,cash,online,0.0
ORD000678,C0166,2025-02-21T18:58:00,e-wallet,shopee,0.0
ORD000679,C0060,2025-09-17T17:26:00,card,website,10000.0
ORD000680,C0086,2025-01-28T17:19:00,transfer,website,0.0
ORD000681,C0143,2025-07-11T16:30:00,e-wallet,shopee,0.0
ORD000682,C0213,2025-08-27T03:15:00,card,shopee,20000.0
ORD000683,C0151,2025-01-14T19:56:00,cash,online,0.0
ORD000684,C0109,2025-03-19T20:19:00,e-wallet,shopee,5000.0
ORD000685,C0130,2025-07-17T02:29:00,e-wallet,shopee,0.0
ORD000686,C0190,2025-11-21T17:38:00,card,offline,0.0
ORD000687,C0182,2025-10-30T20:12:00,cash,offline,0.0
ORD000688,C0173,2025-06-02T04:52:00,e-wallet,offline,0.0
ORD000689,C0010,2025-11-02T17:22:00,transfer,shopee,0.0
ORD000690,C0063,2025-09-27T01:29:00,e-wallet,online,5000.0
ORD000691,C0164,2025-06-04T22:25:00,cash,shopee,0.0
ORD000692,C0147,2025-05-14T20:39:00,e-wallet,offline,0.0
ORD000693,C0047,2025-12-14T20:17:00,transfer,offline,0.0
ORD000694,C0163,2025-06-12T17:14:00,e-wallet,online,0.0
ORD000695,C0143,2025-01-07T21:21:00,transfer,shopee,0.0
ORD000696,C0192,2025-09-29T21:19:00,card,online,10000.0
ORD000697,C0126,2025-05-01T22:58:00,transfer,offline,50000.0
ORD000698,C0189,2025-07-26T00:26:00,card,online,0.0
ORD000699,C0220,2025-07-26T23:48:00,cash,online,20000.0
ORD000700,C0163,2025-01-16T01:14:00,e-wallet,website,0.0
ORD000701,C0043,2025-10-20T02:30:00,transfer,website,0.0
ORD000702,C0008,2025-04-17T01:29:00,transfer,website,0.0
ORD000703,C0041,2025-05-06T23:46:00,cash,shopee,0.0
ORD000704,C0032,2025-02-23T18:54:00,card,offline,50000.0
ORD000705,C0178,2025-02-07T23:57:00,e-wallet,shopee,0.0
ORD000706,C0095,2025-10-16T21:45:00,e-wallet,shopee,0.0
ORD000707,C0220,2025-07-16T20:40:00,card,offline,5000.0
ORD000708,C0104,2025-09-03T01:57:00,card,online,0.0
ORD000709,C0124,2025-07-14T16:42:00,cash,online,0.0
ORD000710,C0103,2025-11-17T17:21:00,cash,website,0.0
ORD000711,C0066,2025-04-05T03:59:00,card,offline,20000.0
ORD000712,C0063,2025-10-28T04:37:00,cash,offline,0.0
ORD000713,C0154,2025-09-07T20:36:00,e-wallet,shopee,0.0
ORD000714,C0163,2025-11-12T04:29:00,card,website,0.0
ORD000715,C0194,2025-04-04T23:00:00,card,offline,0.0
ORD000716,C0197,2025-09-29T23:06:00,transfer,shopee,0.0
ORD000717,C0202,2025-08-03T04:46:00,card,offline,0.0
ORD000718,C0079,2025-08-07T01:25:00,card,offline,50000.0
ORD000719,C0144,2025-04-14T04:13:00,e-wallet,website,50000.0
ORD000720,C0016,2025-02-21T16:40:00,e-wallet,offline,0.0
ORD000721,C0039,2025-10-29T20:36:00,card,online,0.0
ORD000722,C0036,2025-02-05T04:44:00,transfer,offline,0.0
ORD000723,C0192,2025-01-12T18:07:00,cash,website,0.0
ORD000724,C0084,2025-10-03T23:18:00,cash,online,0.0
ORD000725,C0049,2025-02-08T04:43:00,transfer,shopee,0.0
ORD000726,C0136,2025-12-22T03:52:00,e-wallet,offline,20000.0
ORD000727,C0198,2025-03-17T19:19:00,transfer,online,0.0
ORD000728,C0081,2025-04-29T02:13:00,transfer,shopee,0.0
ORD000729,C0113,2025-03-05T22:01:00,e-wallet,offline,0.0
ORD000730,C0045,2025-09-18T01:46:00,card,shopee,0.0
ORD000731,C0131,2025-02-27T23:01:00,cash,offline,0.0
ORD000732,C0218,2025-11-30T20:14:00,card,offline,0.0
ORD000733,C0096,2025-11-13T22:52:00,transfer,shopee,0.0
ORD000734,C0094,2025-02-27T04:10:00,card,online,0.0
ORD000735,C0037,2025-07-28T16:34:00,cash,offline,10000.0
ORD000736,C0035,2025-11-06T04:40:00,card,offline,0.0
ORD000737,C0158,2025-12-10T03:06:00,transfer,shopee,10000.0
ORD000738,C0187,2025-12-04T20:21:00,card,offline,0.0
ORD000739,C0204,2025-05-02T18:25:00,e-wallet,online,0.0
ORD000740,C0132,2025-06-22T21:57:00,e-wallet,shopee,0.0
ORD000741,C0201,2025-07-07T22:41:00,cash,offline,50000.0
ORD000742,C0089,2025-06-07T23:27:00,transfer,offline,0.0
ORD000743,C0200,2025-03-20T01:55:00,transfer,offline,0.0
ORD000744,C0159,2025-04-27T04:45:00,transfer,offline,0.0
ORD000745,C0134,2025-08-04T23:29:00,transfer,website,20000.0
ORD000746,C0106,2025-03-13T18:30:00,transfer,online,0.0
ORD000747,C0103,2025-03-06T03:47:00,card,offline,0.0
ORD000748,C0060,2025-12-05T23:19:00,card,website,0.0
ORD000749,C0044,2025-12-31T03:55:00,card,offline,0.0
ORD000750,C0065,2025-11-25T00:21:00,transfer,online,50000.0
ORD000751,C0200,2025-12-29T23:35:00,cash,online,5000.0
ORD000752,C0101,2025-01-21T21:41:00,e-wallet,shopee,0.0
ORD000753,C0106,2025-01-16T03:29:00,cash,offline,0.0
ORD000754,C0138,2025-04-27T21:53:00,e-wallet,online,0.0
ORD000755,C0087,2025-08-13T21:48:00,card,website,10000.0
ORD000756,C0076,2025-10-15T00:11:00,e-wallet,website,0.0
ORD000757,C0189,2025-06-01T01:36:00,transfer,offline,0.0
ORD000758,C0161,2025-10-22T22:47:00,card,website,0.0
ORD000759,C0178,2025-03-10T21:55:00,e-wallet,online,0.0
ORD000760,C0014,2025-08-25T01:28:00,cash,website,50000.0
ORD000761,C0185,2025-05-23T01:16:00,transfer,shopee,0.0
ORD000762,C0139,2025-12-16T01:20:00,transfer,shopee,50000.0
ORD000763,C0122,2025-03-12T21:11:00,e-wallet,offline,0.0
ORD000764,C0059,2025-06-30T02:40:00,cash,website,20000.0
ORD000765,C0096,2025-02-18T18:00:00,e-wallet,offline,0.0
ORD000766,C0010,2025-10-04T04:07:00,cash,online,0.0
ORD000767,C0017,2025-06-23T19:23:00,cash,offline,0.0
ORD000768,C0134,2025-02-17T02:41:00,transfer,offline,0.0
ORD000769,C0161,2025-08-07T22:27:00,e-wallet,online,0.0
ORD000770,C0202,2025-05-29T04:43:00,transfer,online,0.0
ORD000771,C0046,2025-09-18T21:43:00,card,offline,0.0
ORD000772,C0098,2025-04-17T03:07:00,e-wallet,offline,0.0
ORD000773,C0168,2025-05-20T22:44:00,transfer,shopee,0.0
ORD000774,C0102,2025-01-23T03:49:00,cash,offline,0.0
ORD000775,C0190,2025-05-13T02:45:00,e-wallet,shopee,5000.0
ORD000776,C0010,2025-07-18T18:05:00,transfer,offline,0.0
ORD000777,C0004,2025-03-20T21:55:00,transfer,offline,10000.0
ORD000778,C0133,2025-10-01T16:39:00,transfer,offline,0.0
ORD000779,C0140,2025-02-07T16:41:00,e-wallet,offline,0.0
ORD000780,C0040,2025-08-22T00:56:00,card,website,50000.0
ORD000781,C0118,2025-07-31T03:56:00,card,offline,0.0
ORD000782,C0116,2025-08-16T22:29:00,transfer,offline,0.0
ORD000783,C0119,2025-10-09T04:50:00,e-wallet,offline,5000.0
ORD000784,C0142,2025-03-23T02:24:00,e-wallet,online,10000.0
ORD000785,C0202,2025-02-03T17:01:00,card,website,0.0
ORD000786,C0017,2025-07-06T01:58:00,transfer,offline,0.0
ORD000787,C0031,2025-10-01T01:26:00,card,shopee,0.0
ORD000788,C0038,2025-08-16T17:48:00,cash,online,0.0
ORD000789,C0006,2025-09-10T02:36:00,transfer,offline,0.0
ORD000790,C0203,2025-12-09T19:40:00,e-wallet,offline,0.0
ORD000791,C0065,2025-04-10T00:17:00,card,offline,0.0
ORD000792,C0010,2025-12-23T02:17:00,card,offline,0.0
ORD000793,C0022,2025-12-08T21:55:00,cash,offline,0.0
ORD000794,C0061,2025-02-14T17:00:00,e-wallet,online,0.0
ORD000795,C0184,2025-02-16T16:27:00,transfer,online,0.0
ORD000796,C0048,2025-09-17T16:05:00,transfer,shopee,0.0
ORD000797,C0102,2025-11-23T01:18:00,transfer,online,0.0
ORD000798,C0188,2025-02-01T01:48:00,card,online,5000.0
ORD000799,C0187,2025-06-13T23:22:00,transfer,offline,0.0
ORD000800,C0119,2025-08-20T18:09:00,transfer,offline,0.0
ORD000801,C0005,2025-07-20T23:09:00,card,offline,0.0
ORD000802,C0171,2025-01-31T21:06:00,card,offline,0.0
ORD000803,C0107,2025-09-09T16:19:00,transfer,online,0.0
ORD000804,C0115,2025-07-09T22:15:00,card,online,0.0
ORD000805,C0148,2025-06-20T03:12:00,transfer,online,0.0
ORD000806,C0119,2025-11-06T03:17:00,card,shopee,0.0
ORD000807,C0064,2025-04-26T02:00:00,card,online,0.0
ORD000808,C0031,2025-06-02T03:03:00,cash,offline,0.0
ORD000809,C0115,2025-11-17T22:35:00,card,online,0.0
ORD000810,C0042,2025-10-28T18:20:00,card,offline,0.0
ORD000811,C0018,2025-03-13T18:06:00,card,offline,0.0
ORD000812,C0140,2025-02-02T00:26:00,transfer,offline,20000.0
ORD000813,C0036,2025-09-14T21:20:00,card,online,0.0
ORD000814,C0010,2025-04-17T19:37:00,e-wallet,offline,0.0
ORD000815,C0052,2025-11-08T20:21:00,card,online,0.0
ORD000816,C0167,2025-12-11T00:49:00,transfer,offline,0.0
ORD000817,C0093,2025-08-26T16:41:00,transfer,shopee,0.0
ORD000818,C0153,2025-05-28T04:42:00,card,website,0.0
ORD000819,C0095,2025-04-22T02:12:00,card,online,10000.0
ORD000820,C0180,2025-10-16T23:04:00,e-wallet,offline,0.0
ORD000821,C0070,2025-04-07T19:44:00,e-wallet,shopee,0.0
ORD000822,C0117,2025-08-31T00:10:00,card,shopee,0.0
ORD000823,C0120,2025-06-28T04:18:00,e-wallet,offline,0.0
ORD000824,C0065,2025-03-12T21:59:00,card,online,5000.0
ORD000825,C0213,2025-03-24T04:36:00,cash,shopee,0.0
ORD000826,C0002,2025-05-12T00:42:00,e-wallet,offline,0.0
ORD000827,C0079,2025-05-05T04:25:00,transfer,offline,0.0
ORD000828,C0199,2025-12-15T17:04:00,e-wallet,offline,0.0
ORD000829,C0078,2025-08-09T01:37:00,card,shopee,0.0
ORD000830,C0125,2025-02-14T23:16:00,cash,online,0.0
ORD000831,C0080,2025-10-11T04:45:00,e-wallet,offline,0.0
ORD000832,C0126,2025-03-31T23:18:00,cash,offline,0.0
ORD000833,C0175,2025-10-26T23:14:00,cash,offline,10000.0
ORD000834,C0140,2025-02-24T22:30:00,cash,offline,0.0
ORD000835,C0122,2025-07-26T00:58:00,transfer,offline,5000.0
ORD000836,C0115,2025-12-05T00:23:00,cash,online,0.0
ORD000837,C0180,2025-07-20T16:23:00,cash,offline,0.0
ORD000838,C0049,2025-12-06T23:30:00,cash,offline,0.0
ORD000839,C0132,2025-02-08T01:10:00,transfer,shopee,0.0
ORD000840,C0111,2025-01-22T21:49:00,transfer,shopee,0.0
ORD000841,C0194,2025-11-22T18:15:00,cash,offline,0.0
ORD000842,C0072,2025-07-21T20:29:00,e-wallet,online,0.0
ORD000843,C0087,2025-02-17T03:31:00,card,website,0.0
ORD000844,C0169,2025-04-08T04:39:00,card,offline,0.0
ORD000845,C0163,2025-06-22T18:56:00,card,offline,0.0
ORD000846,C0127,2025-08-22T00:37:00,e-wallet,online,0.0
ORD000847,C0195,2025-01-28T16:54:00,transfer,shopee,0.0
ORD000848,C0170,2025-10-18T16:00:00,transfer,offline,0.0
ORD000849,C0193,2025-05-18T00:22:00,e-wallet,offline,0.0
ORD000850,C0125,2025-03-05T17:15:00,cash,offline,0.0
ORD000851,C0114,2025-08-15T18:47:00,card,offline,0.0
ORD000852,C0179,2025-12-16T22:10:00,card,website,0.0
ORD000853,C0179,2025-02-03T23:45:00,e-wallet,offline,0.0
ORD000854,C0150,2025-11-28T00:38:00,cash,shopee,10000.0
ORD000855,C0066,2025-08-20T18:18:00,transfer,offline,0.0
ORD000856,C0018,2025-04-29T17:39:00,transfer,offline,0.0
ORD000857,C0061,2025-01-10T04:12:00,cash,shopee,0.0
ORD000858,C0003,2025-06-16T18:49:00,transfer,offline,0.0
ORD000859,C0117,2025-04-01T03:07:00,e-wallet,shopee,0.0
ORD000860,C0215,2025-07-28T04:16:00,cash,offline,0.0
ORD000861,C0106,2025-07-15T22:19:00,transfer,offline,0.0
ORD000862,C0059,2025-08-13T20:31:00,transfer,website,0.0
ORD000863,C0091,2025-09-21T00:30:00,transfer,offline,20000.0
ORD000864,C0026,2025-03-17T03:45:00,e-wallet,offline,0.0
ORD000865,C0133,2025-10-27T17:56:00,transfer,website,5000.0
ORD000866,C0185,2025-11-22T20:09:00,card,offline,50000.0
ORD000867,C0004,2025-03-10T19:26:00,card,website,0.0
ORD000868,C0124,2025-02-03T19:29:00,card,website,0.0
ORD000869,C0171,2025-12-17T03:37:00,transfer,shopee,0.0
ORD000870,C0186,2025-07-27T16:37:00,transfer,online,0.0
ORD000871,C0063,2025-03-26T01:30:00,e-wallet,online,0.0
ORD000872,C0218,2025-05-01T20:15:00,cash,shopee,5000.0
ORD000873,C0046,2025-01-17T18:18:00,cash,website,0.0
ORD000874,C0017,2025-08-26T01:54:00,card,offline,0.0
ORD000875,C0168,2025-12-28T22:26:00,transfer,shopee,0.0
ORD000876,C0086,2025-12-19T21:37:00,card,website,0.0
ORD000877,C0050,2025-06-26T17:03:00,e-wallet,online,0.0
ORD000878,C0084,2025-12-29T22:42:00,cash,website,0.0
ORD000879,C0011,2025-03-13T19:32:00,cash,online,0.0
ORD000880,C0038,2025-06-21T02:42:00,cash,online,0.0
ORD000881,C0203,2025-02-02T23:53:00,transfer,offline,0.0
ORD000882,C0059,2025-01-21T19:52:00,card,online,0.0
ORD000883,C0128,2025-10-25T19:34:00,card,offline,0.0
ORD000884,C0034,2025-05-13T18:42:00,card,offline,0.0
ORD000885,C0040,2025-03-04T16:15:00,card,website,0.0
ORD000886,C0129,2025-10-01T23:32:00,cash,offline,0.0
ORD000887,C0100,2025-04-08T00:16:00,cash,offline,0.0
ORD000888,C0219,2025-07-20T04:48:00,transfer,offline,0.0
ORD000889,C0214,2025-12-04T04:31:00,cash,offline,0.0
ORD000890,C0171,2025-07-11T02:21:00,cash,online,0.0
ORD000891,C0164,2025-06-12T19:19:00,transfer,shopee,20000.0
ORD000892,C0094,2025-02-08T23:19:00,cash,offline,10000.0
ORD000893,C0021,2025-04-29T16:17:00,card,offline,20000.0
ORD000894,C0086,2025-05-19T03:03:00,cash,offline,0.0
ORD000895,C0208,2025-07-04T22:34:00,transfer,offline,0.0
ORD000896,C0146,2025-12-25T17:40:00,transfer,website,0.0
ORD000897,C0141,2025-05-02T16:27:00,card,offline,0.0
ORD000898,C0149,2025-05-28T20:15:00,e-wallet,online,5000.0
ORD000899,C0172,2025-05-08T18:45:00,cash,shopee,0.0
ORD000900,C0029,2025-10-22T16:41:00,e-wallet,offline,0.0
ORD000901,C0038,2025-11-29T04:07:00,transfer,website,0.0
ORD000902,C0071,2025-08-12T16:16:00,e-wallet,online,5000.0
ORD000903,C0074,2025-03-14T20:17:00,cash,online,0.0
ORD000904,C0058,2025-08-19T19:44:00,e-wallet,offline,0.0
ORD000905,C0006,2025-02-03T01:56:00,transfer,shopee,0.0
ORD000906,C0148,2025-09-29T18:40:00,e-wallet,online,0.0
ORD000907,C0179,2025-05-21T01:12:00,transfer,offline,0.0
ORD000908,C0020,2025-02-23T01:57:00,e-wallet,online,50000.0
ORD000909,C0141,2025-08-15T03:08:00,cash,offline,0.0
ORD000910,C0072,2025-11-27T01:56:00,cash,offline,0.0
ORD000911,C0177,2025-05-23T00:10:00,card,offline,0.0
ORD000912,C0043,2025-01-15T03:06:00,transfer,offline,10000.0
ORD000913,C0177,2025-02-02T18:30:00,cash,offline,50000.0
ORD000914,C0112,2025-04-29T03:52:00,card,website,0.0
ORD000915,C0170,2025-10-18T19:28:00,transfer,website,0.0
ORD000916,C0024,2025-10-25T17:50:00,e-wallet,website,50000.0
ORD000917,C0062,2025-01-27T00:54:00,card,offline,0.0
ORD000918,C0023,2025-09-23T18:39:00,e-wallet,offline,20000.0
ORD000919,C0199,2025-12-08T03:01:00,e-wallet,website,10000.0
ORD000920,C0039,2025-06-30T21:24:00,e-wallet,offline,10000.0
ORD000921,C0121,2025-01-22T00:27:00,transfer,offline,0.0
ORD000922,C0093,2025-09-22T20:33:00,transfer,shopee,50000.0
ORD000923,C0083,2025-07-10T02:03:00,e-wallet,offline,5000.0
ORD000924,C0159,2025-07-02T04:01:00,card,shopee,5000.0
ORD000925,C0067,2025-11-26T18:35:00,cash,offline,0.0
ORD000926,C0166,2025-12-10T02:46:00,transfer,offline,0.0
ORD000927,C0200,2025-05-09T17:29:00,cash,offline,0.0
ORD000928,C0187,2025-01-13T02:05:00,cash,shopee,0.0
ORD000929,C0133,2025-04-02T20:21:00,card,shopee,0.0
ORD000930,C0135,2025-05-13T01:20:00,e-wallet,shopee,50000.0
ORD000931,C0051,2025-09-10T19:08:00,cash,shopee,0.0
ORD000932,C0084,2025-07-19T17:29:00,cash,offline,5000.0
ORD000933,C0186,2025-08-01T16:56:00,cash,shopee,20000.0
ORD000934,C0060,2025-07-24T00:30:00,transfer,website,0.0
ORD000935,C0024,2025-05-11T16:44:00,cash,shopee,0.0
ORD000936,C0203,2025-01-25T00:44:00,cash,website,0.0
ORD000937,C0102,2025-11-08T17:52:00,card,website,10000.0
ORD000938,C0037,2025-11-15T19:33:00,e-wallet,shopee,0.0
ORD000939,C0166,2025-07-12T01:46:00,cash,online,0.0
ORD000940,C0145,2025-10-26T03:04:00,transfer,offline,0.0
ORD000941,C0097,2025-12-03T20:53:00,e-wallet,offline,0.0
ORD000942,C0164,2025-10-19T19:09:00,transfer,website,0.0
ORD000943,C0145,2025-10-14T16:26:00,cash,online,0.0
ORD000944,C0172,2025-12-07T01:58:00,card,shopee,5000.0
ORD000945,C0145,2025-11-09T22:21:00,e-wallet,online,0.0
ORD000946,C0038,2025-08-12T02:17:00,card,offline,0.0
ORD000947,C0144,2025-09-05T04:27:00,card,online,0.0
ORD000948,C0050,2025-05-17T22:34:00,card,online,0.0
ORD000949,C0043,2025-09-03T04:14:00,e-wallet,website,0.0
ORD000950,C0015,2025-03-02T04:24:00,card,shopee,0.0
ORD000951,C0015,2025-11-11T02:17:00,cash,online,20000.0
ORD000952,C0162,2025-09-25T19:55:00,transfer,online,20000.0
ORD000953,C0154,2025-05-25T22:10:00,e-wallet,shopee,0.0
ORD000954,C0153,2025-03-12T21:01:00,e-wallet,website,0.0
ORD000955,C0200,2025-05-15T16:25:00,card,offline,10000.0
ORD000956,C0021,2025-11-05T18:00:00,card,offline,0.0
ORD000957,C0049,2025-04-22T23:04:00,cash,offline,20000.0
ORD000958,C0053,2025-12-16T20:53:00,e-wallet,shopee,10000.0
ORD000959,C0044,2025-04-06T17:00:00,card,online,10000.0
ORD000960,C0113,2025-05-01T04:27:00,card,offline,0.0
ORD000961,C0180,2025-02-01T22:55:00,card,shopee,0.0
ORD000962,C0041,2025-02-14T22:43:00,transfer,shopee,0.0
ORD000963,C0117,2025-11-01T16:35:00,card,shopee,0.0
ORD000964,C0155,2025-12-22T03:14:00,card,online,0.0
ORD000965,C0166,2025-02-13T20:22:00,cash,shopee,0.0
ORD000966,C0140,2025-07-25T23:24:00,e-wallet,offline,0.0
ORD000967,C0139,2025-03-19T01:36:00,e-wallet,website,0.0
ORD000968,C0179,2025-05-18T16:42:00,cash,shopee,0.0
ORD000969,C0152,2025-07-21T19:08:00,transfer,shopee,0.0
ORD000970,C0043,2025-05-14T17:43:00,e-wallet,offline,0.0
ORD000971,C0178,2025-04-24T21:33:00,card,offline,50000.0
ORD000972,C0194,2025-09-08T04:43:00,cash,website,0.0
ORD000973,C0061,2025-05-19T04:02:00,e-wallet,offline,20000.0
ORD000974,C0055,2025-08-03T23:46:00,card,website,0.0
ORD000975,C0032,2025-12-24T01:33:00,card,offline,0.0
ORD000976,C0036,2025-06-20T00:51:00,e-wallet,online,0.0
ORD000977,C0087,2025-10-29T22:23:00,cash,shopee,5000.0
ORD000978,C0164,2025-04-29T01:41:00,card,offline,20000.0
ORD000979,C0047,2025-12-16T17:18:00,e-wallet,offline,0.0
ORD000980,C0002,2025-03-08T21:54:00,transfer,shopee,0.0
ORD000981,C0216,2025-11-27T16:40:00,transfer,offline,5000.0
ORD000982,C0089,2025-01-14T00:10:00,card,online,0.0
ORD000983,C0098,2025-03-22T01:02:00,e-wallet,offline,0.0
ORD000984,C0141,2025-04-05T03:28:00,transfer,website,0.0
ORD000985,C0188,2025-08-08T04:20:00,transfer,offline,0.0
ORD000986,C0079,2025-05-17T22:07:00,e-wallet,offline,0.0
ORD000987,C0199,2025-09-14T01:45:00,transfer,online,0.0
ORD000988,C0135,2025-09-13T03:07:00,transfer,offline,10000.0
ORD000989,C0094,2025-07-24T03:50:00,e-wallet,online,0.0
ORD000990,C0190,2025-12-27T21:42:00,cash,shopee,0.0
ORD000991,C0100,2025-11-27T17:52:00,transfer,website,0.0
ORD000992,C0024,2025-06-05T19:30:00,e-wallet,website,0.0
ORD000993,C0013,2025-11-21T18:46:00,e-wallet,online,50000.0
ORD000994,C0156,2025-12-11T17:07:00,cash,offline,10000.0
ORD000995,C0186,2025-06-26T02:47:00,e-wallet,offline,0.0
ORD000996,C0024,2025-05-26T16:50:00,card,website,0.0
ORD000997,C0216,2025-10-30T19:44:00,cash,shopee,0.0
ORD000998,C0117,2025-03-02T18:17:00,card,offline,0.0
ORD000999,C0007,2025-05-13T17:56:00,e-wallet,offline,0.0
ORD001000,C0059,2025-03-08T18:55:00,card,website,0.0
ORD001001,C0182,2025-05-27T16:15:00,e-wallet,online,0.0
ORD001002,C0095,2025-08-16T01:43:00,transfer,shopee,0.0
ORD001003,C0010,2025-04-17T16:51:00,e-wallet,online,10000.0
ORD001004,C0185,2025-02-25T21:45:00,e-wallet,online,0.0
ORD001005,C0183,2025-04-28T21:05:00,cash,online,0.0
ORD001006,C0172,2025-04-14T01:25:00,card,shopee,0.0
ORD001007,C0039,2025-02-10T21:37:00,cash,offline,50000.0
ORD001008,C0109,2025-02-21T20:21:00,e-wallet,offline,0.0
ORD001009,C0162,2025-12-23T20:36:00,cash,offline,0.0
ORD001010,C0157,2025-11-09T00:02:00,e-wallet,online,0.0
ORD001011,C0107,2025-07-16T01:35:00,card,website,50000.0
ORD001012,C0054,2025-12-20T00:42:00,cash,offline,50000.0
ORD001013,C0036,2025-01-14T19:29:00,transfer,offline,0.0
ORD001014,C0041,2025-12-06T02:42:00,cash,shopee,0.0
ORD001015,C0061,2025-07-10T02:44:00,transfer,website,0.0
ORD001016,C0131,2025-01-16T17:34:00,card,online,0.0
ORD001017,C0082,2025-09-01T02:05:00,cash,website,0.0
ORD001018,C0109,2025-10-15T00:09:00,e-wallet,shopee,0.0
ORD001019,C0183,2025-03-02T20:57:00,transfer,online,0.0
ORD001020,C0180,2025-11-24T20:53:00,cash,offline,0.0
ORD001021,C0027,2025-07-17T18:10:00,transfer,offline,0.0
ORD001022,C0018,2025-08-06T16:39:00,card,shopee,10000.0
ORD001023,C0183,2025-07-28T17:14:00,card,offline,0.0
ORD001024,C0066,2025-06-15T00:32:00,cash,website,0.0
ORD001025,C0078,2025-09-11T18:16:00,cash,website,0.0
ORD001026,C0202,2025-10-18T22:25:00,card,online,10000.0
ORD001027,C0142,2025-03-16T17:17:00,cash,shopee,0.0
ORD001028,C0101,2025-11-17T22:16:00,transfer,shopee,0.0
ORD001029,C0080,2025-09-17T22:36:00,card,website,0.0
ORD001030,C0154,2025-12-14T18:03:00,cash,offline,0.0
ORD001031,C0153,2025-10-04T04:49:00,transfer,offline,0.0
ORD001032,C0098,2025-09-06T16:03:00,transfer,offline,0.0
ORD001033,C0013,2025-05-31T22:24:00,e-wallet,offline,0.0
ORD001034,C0094,2025-09-09T04:28:00,card,shopee,0.0
ORD001035,C0034,2025-05-06T04:23:00,e-wallet,offline,10000.0
ORD001036,C0155,2025-11-08T21:14:00,e-wallet,offline,0.0
ORD001037,C0219,2025-09-15T20:34:00,cash,online,0.0
ORD001038,C0202,2025-01-08T04:17:00,cash,offline,50000.0
ORD001039,C0111,2025-06-28T03:37:00,transfer,offline,20000.0
ORD001040,C0174,2025-08-08T20:19:00,cash,offline,0.0
ORD001041,C0189,2025-09-10T02:39:00,card,online,0.0
ORD001042,C0091,2025-01-08T02:34:00,transfer,shopee,0.0
ORD001043,C0163,2025-04-10T16:24:00,card,shopee,10000.0
ORD001044,C0018,2025-08-06T21:11:00,card,offline,0.0
ORD001045,C0122,2025-11-06T01:13:00,card,offline,0.0
ORD001046,C0129,2025-09-21T02:16:00,card,website,5000.0
ORD001047,C0154,2025-10-05T03:24:00,e-wallet,offline,0.0
ORD001048,C0128,2025-01-16T22:58:00,cash,shopee,0.0
ORD001049,C0001,2025-01-09T17:44:00,e-wallet,shopee,5000.0
ORD001050,C0099,2025-02-17T20:03:00,cash,online,0.0
ORD001051,C0214,2025-12-14T04:06:00,transfer,offline,50000.0
ORD001052,C0151,2025-07-14T23:53:00,e-wallet,offline,0.0
ORD001053,C0166,2025-07-21T21:19:00,card,offline,0.0
ORD001054,C0052,2025-06-01T00:09:00,e-wallet,online,0.0
ORD001055,C0143,2025-09-25T02:36:00,cash,offline,0.0
ORD001056,C0093,2025-08-21T17:36:00,cash,website,0.0
ORD001057,C0162,2025-09-26T01:35:00,card,website,0.0
ORD001058,C0024,2025-12-11T03:08:00,card,offline,10000.0
ORD001059,C0046,2025-03-25T18:38:00,card,offline,0.0
ORD001060,C0217,2025-10-23T18:08:00,card,offline,0.0
ORD001061,C0023,2025-09-07T00:41:00,cash,offline,50000.0
ORD001062,C0148,2025-07-10T16:39:00,cash,offline,0.0
ORD001063,C0012,2025-07-05T19:52:00,card,shopee,0.0
ORD001064,C0146,2025-09-25T23:26:00,card,website,20000.0
ORD001065,C0160,2025-09-21T18:30:00,transfer,website,0.0
ORD001066,C0086,2025-01-24T18:22:00,transfer,website,20000.0
ORD001067,C0136,2025-01-31T22:55:00,transfer,online,0.0
ORD001068,C0141,2025-06-05T18:20:00,cash,offline,0.0
ORD001069,C0021,2025-07-06T22:10:00,cash,online,0.0
ORD001070,C0011,2025-09-11T02:44:00,cash,website,0.0
ORD001071,C0176,2025-01-10T18:21:00,e-wallet,shopee,5000.0
ORD001072,C0047,2025-08-13T21:50:00,cash,offline,0.0
ORD001073,C0214,2025-09-10T17:48:00,card,online,20000.0
ORD001074,C0174,2025-11-15T19:19:00,e-wallet,offline,0.0
ORD001075,C0168,2025-06-23T01:39:00,e-wallet,offline,20000.0
ORD001076,C0140,2025-07-19T03:28:00,e-wallet,online,0.0
ORD001077,C0074,2025-06-08T01:44:00,transfer,offline,0.0
ORD001078,C0170,2025-10-22T03:49:00,cash,offline,0.0
ORD001079,C0063,2025-01-04T02:48:00,e-wallet,offline,0.0
ORD001080,C0140,2025-08-19T21:54:00,e-wallet,offline,0.0
ORD001081,C0091,2025-09-24T18:04:00,cash,offline,50000.0
ORD001082,C0049,2025-08-10T03:10:00,cash,online,20000.0
ORD001083,C0145,2025-02-18T22:06:00,e-wallet,shopee,20000.0
ORD001084,C0182,2025-01-27T04:49:00,transfer,offline,0.0
ORD001085,C0149,2025-09-03T18:51:00,transfer,offline,0.0
ORD001086,C0055,2025-11-11T20:34:00,transfer,shopee,0.0
ORD001087,C0023,2025-05-23T20:31:00,transfer,shopee,0.0
ORD001088,C0113,2025-09-12T21:54:00,cash,offline,0.0
ORD001089,C0213,2025-08-14T23:29:00,transfer,shopee,0.0
ORD001090,C0175,2025-12-19T03:04:00,transfer,online,0.0
ORD001091,C0064,2025-10-05T20:04:00,cash,online,0.0
ORD001092,C0180,2025-07-21T18:05:00,card,offline,0.0
ORD001093,C0155,2025-04-08T03:14:00,transfer,shopee,10000.0
ORD001094,C0202,2025-07-31T02:08:00,e-wallet,website,5000.0
ORD001095,C0147,2025-12-16T22:16:00,transfer,shopee,0.0
ORD001096,C0048,2025-07-08T02:03:00,cash,shopee,0.0
ORD001097,C0181,2025-07-08T02:33:00,e-wallet,website,0.0
ORD001098,C0117,2025-07-26T01:45:00,transfer,offline,0.0
ORD001099,C0207,2025-02-02T22:13:00,card,online,20000.0
ORD001100,C0217,2025-08-17T18:07:00,card,offline,0.0
ORD001101,C0055,2025-01-29T23:36:00,cash,online,5000.0
ORD001102,C0037,2025-03-03T17:23:00,transfer,offline,0.0
ORD001103,C0217,2025-12-16T02:56:00,e-wallet,shopee,5000.0
ORD001104,C0103,2025-12-16T21:26:00,cash,website,5000.0
ORD001105,C0209,2025-08-14T00:04:00,cash,offline,0.0
ORD001106,C0175,2025-04-03T03:08:00,transfer,offline,0.0
ORD001107,C0032,2025-04-23T04:25:00,cash,offline,0.0
ORD001108,C0040,2025-09-24T04:25:00,transfer,online,0.0
ORD001109,C0089,2025-03-08T03:23:00,e-wallet,offline,0.0
ORD001110,C0059,2025-08-05T22:05:00,cash,online,50000.0
ORD001111,C0026,2025-01-08T23:07:00,transfer,website,0.0
ORD001112,C0162,2025-04-05T03:05:00,transfer,offline,0.0
ORD001113,C0172,2025-10-17T18:45:00,card,offline,10000.0
ORD001114,C0204,2025-09-09T20:06:00,cash,shopee,0.0
ORD001115,C0103,2025-12-05T16:32:00,cash,offline,0.0
ORD001116,C0023,2025-08-09T03:17:00,card,offline,0.0
ORD001117,C0172,2025-02-17T01:46:00,transfer,offline,0.0
ORD001118,C0041,2025-12-08T16:04:00,cash,website,20000.0
ORD001119,C0166,2025-08-21T22:02:00,cash,shopee,0.0
ORD001120,C0136,2025-10-02T01:30:00,card,offline,0.0
ORD001121,C0132,2025-12-12T03:50:00,cash,online,10000.0
ORD001122,C0073,2025-10-17T02:29:00,e-wallet,offline,0.0
ORD001123,C0080,2025-02-15T22:52:00,cash,offline,0.0
ORD001124,C0105,2025-05-06T21:20:00,transfer,website,0.0
ORD001125,C0179,2025-07-14T19:20:00,cash,offline,0.0
ORD001126,C0136,2025-03-24T23:26:00,card,website,0.0
ORD001127,C0112,2025-05-07T20:21:00,cash,shopee,0.0
ORD001128,C0193,2025-11-08T19:53:00,e-wallet,offline,0.0
ORD001129,C0033,2025-11-07T03:30:00,card,offline,0.0
ORD001130,C0177,2025-03-30T17:55:00,card,offline,0.0
ORD001131,C0200,2025-03-06T16:15:00,card,offline,0.0
ORD001132,C0157,2025-04-26T01:03:00,card,website,50000.0
ORD001133,C0161,2025-12-13T23:00:00,transfer,website,0.0
ORD001134,C0084,2025-07-23T22:14:00,card,offline,0.0
ORD001135,C0047,2025-04-08T22:10:00,transfer,shopee,0.0
ORD001136,C0146,2025-05-24T22:48:00,e-wallet,offline,0.0
ORD001137,C0010,2025-06-04T19:53:00,card,offline,10000.0
ORD001138,C0040,2025-11-17T04:14:00,cash,offline,0.0
ORD001139,C0105,2025-08-28T23:04:00,cash,offline,0.0
ORD001140,C0192,2025-01-30T18:17:00,card,shopee,0.0
ORD001141,C0139,2025-06-01T23:04:00,transfer,website,50000.0
ORD001142,C0140,2025-08-26T03:49:00,transfer,website,0.0
ORD001143,C0206,2025-10-28T04:44:00,transfer,website,0.0
ORD001144,C0197,2025-02-10T04:11:00,cash,online,0.0
ORD001145,C0179,2025-06-28T03:35:00,cash,online,0.0
ORD001146,C0154,2025-03-19T21:06:00,card,shopee,0.0
ORD001147,C0127,2025-07-19T03:16:00,cash,offline,0.0
ORD001148,C0029,2025-07-12T18:24:00,transfer,shopee,0.0
ORD001149,C0079,2025-09-16T00:31:00,cash,website,10000.0
ORD001150,C0081,2025-04-09T04:43:00,transfer,offline,0.0
ORD001151,C0204,2025-03-29T18:58:00,cash,shopee,10000.0
ORD001152,C0011,2025-03-20T01:20:00,transfer,online,0.0
ORD001153,C0171,2025-04-03T16:27:00,card,offline,0.0
ORD001154,C0070,2025-10-22T00:54:00,card,online,0.0
ORD001155,C0138,2025-01-30T22:19:00,e-wallet,offline,0.0
ORD001156,C0031,2025-11-02T22:46:00,transfer,shopee,0.0
ORD001157,C0050,2025-04-04T16:19:00,card,shopee,0.0
ORD001158,C0153,2025-11-10T20:36:00,cash,offline,0.0
ORD001159,C0002,2025-06-28T19:47:00,transfer,website,0.0
ORD001160,C0012,2025-06-18T04:11:00,transfer,website,20000.0
ORD001161,C0116,2025-07-24T00:44:00,transfer,shopee,0.0
ORD001162,C0053,2025-04-20T23:26:00,e-wallet,offline,0.0
ORD001163,C0170,2025-09-17T04:10:00,cash,shopee,0.0
ORD001164,C0048,2025-08-26T03:38:00,e-wallet,offline,50000.0
ORD001165,C0020,2025-11-15T18:29:00,card,website,0.0
ORD001166,C0090,2025-12-05T23:11:00,e-wallet,online,0.0
ORD001167,C0158,2025-09-18T01:36:00,card,website,50000.0
ORD001168,C0102,2025-09-06T16:35:00,e-wallet,offline,0.0
ORD001169,C0218,2025-10-20T20:25:00,card,offline,0.0
ORD001170,C0162,2025-06-25T19:25:00,cash,offline,0.0
ORD001171,C0084,2025-03-29T17:53:00,cash,offline,0.0
ORD001172,C0049,2025-12-08T04:02:00,e-wallet,offline,0.0
ORD001173,C0039,2025-08-18T04:23:00,e-wallet,offline,0.0
ORD001174,C0197,2025-10-17T19:52:00,cash,online,0.0
ORD001175,C0042,2025-08-02T02:51:00,e-wallet,offline,0.0
ORD001176,C0070,2025-06-01T20:16:00,card,shopee,50000.0
ORD001177,C0103,2025-07-11T18:19:00,transfer,offline,0.0
ORD001178,C0008,2025-05-13T23:19:00,card,offline,0.0
ORD001179,C0218,2025-04-30T00:14:00,card,offline,20000.0
ORD001180,C0190,2025-05-08T22:08:00,transfer,online,0.0
ORD001181,C0143,2025-06-15T03:43:00,transfer,shopee,0.0
ORD001182,C0030,2025-09-15T21:31:00,card,offline,5000.0
ORD001183,C0094,2025-11-23T19:22:00,e-wallet,offline,0.0
ORD001184,C0155,2025-04-15T16:21:00,cash,online,10000.0
ORD001185,C0202,2025-02-06T03:12:00,transfer,offline,0.0
ORD001186,C0130,2025-10-01T18:51:00,cash,offline,0.0
ORD001187,C0145,2025-02-24T21:27:00,e-wallet,website,0.0
ORD001188,C0097,2025-11-20T04:27:00,cash,shopee,0.0
ORD001189,C0123,2025-04-28T01:01:00,transfer,offline,0.0
ORD001190,C0075,2025-05-28T18:41:00,card,online,0.0
ORD001191,C0095,2025-09-09T21:40:00,cash,offline,10000.0
ORD001192,C0156,2025-08-20T17:29:00,card,website,0.0
ORD001193,C0203,2025-05-18T04:59:00,e-wallet,website,0.0
ORD001194,C0186,2025-04-23T02:01:00,cash,shopee,0.0
ORD001195,C0126,2025-10-03T17:17:00,transfer,shopee,0.0
ORD001196,C0057,2025-07-11T17:40:00,cash,shopee,0.0
ORD001197,C0062,2025-10-27T17:00:00,e-wallet,offline,0.0
ORD001198,C0016,2025-12-21T00:20:00,transfer,offline,0.0
ORD001199,C0136,2025-09-12T19:24:00,e-wallet,online,0.0
ORD001200,C0140,2025-06-15T04:53:00,e-wallet,shopee,0.0
