product_id,product_name,category,brand,unit,unit_price,initial_quantity,reorder_level,popularity_weight,paired_product_id,source_type,source_reference,source_url,collected_at,raw_category,raw_price_usd,fx_usd_vnd,simulated_fields,raw_price_gbp,fx_gbp_vnd
P0061,Apple MacBook Pro 14 Inch Space Grey,Thiết bị văn phòng,Apple,chiếc,49999750,24,5,4,,public_api,https://dummyjson.com/products,https://dummyjson.com/products/78,2026-07-23T21:05:36,laptops,1999.99,25000,"initial_quantity,reorder_level,popularity_weight,paired_product_id,product_id,unit_price(fx)",,
P0062,Asus Zenbook Pro Dual Screen Laptop,Thiết bị văn phòng,Asus,chiếc,44999750,45,9,4,,public_api,https://dummyjson.com/products,https://dummyjson.com/products/79,2026-07-23T21:05:36,laptops,1799.99,25000,"initial_quantity,reorder_level,popularity_weight,paired_product_id,product_id,unit_price(fx)",,
P0063,Huawei Matebook X Pro,Thiết bị văn phòng,Huawei,chiếc,34999750,75,15,5,,public_api,https://dummyjson.com/products,https://dummyjson.com/products/80,2026-07-23T21:05:36,laptops,1399.99,25000,"initial_quantity,reorder_level,popularity_weight,paired_product_id,product_id,unit_price(fx)",,
P0064,Lenovo Yoga 920,Thiết bị văn phòng,Lenovo,chiếc,27499750,40,8,3,,public_api,https://dummyjson.com/products,https://dummyjson.com/products/81,2026-07-23T21:05:36,laptops,1099.99,25000,"initial_quantity,reorder_level,popularity_weight,paired_product_id,product_id,unit_price(fx)",,
P0065,New DELL XPS 13 9300 Laptop,Thiết bị văn phòng,Dell,chiếc,37499750,74,14,3,,public_api,https://dummyjson.com/products,https://dummyjson.com/products/82,2026-07-23T21:05:36,laptops,1499.99,25000,"initial_quantity,reorder_level,popularity_weight,paired_product_id,product_id,unit_price(fx)",,
P0066,iPad Mini 2021 Starlight,Thiết bị văn phòng,Apple,chiếc,12499750,47,9,3,,public_api,https://dummyjson.com/products,https://dummyjson.com/products/159,2026-07-23T21:05:36,tablets,499.99,25000,"initial_quantity,reorder_level,popularity_weight,paired_product_id,product_id,unit_price(fx)",,
P0067,Samsung Galaxy Tab S8 Plus Grey,Thiết bị văn phòng,Samsung,chiếc,14999750,62,12,5,,public_api,https://dummyjson.com/products,https://dummyjson.com/products/160,2026-07-23T21:05:36,tablets,599.99,25000,"initial_quantity,reorder_level,popularity_weight,paired_product_id,product_id,unit_price(fx)",,
P0068,Samsung Galaxy Tab White,Thiết bị văn phòng,Samsung,chiếc,8749750,92,18,4,,public_api,https://dummyjson.com/products,https://dummyjson.com/products/161,2026-07-23T21:05:36,tablets,349.99,25000,"initial_quantity,reorder_level,popularity_weight,paired_product_id,product_id,unit_price(fx)",,
P0069,Amazon Echo Plus,Phụ kiện máy tính,Amazon,cái,2499750,61,12,5,,public_api,https://dummyjson.com/products,https://dummyjson.com/products/99,2026-07-23T21:05:36,mobile-accessories,99.99,25000,"initial_quantity,reorder_level,popularity_weight,paired_product_id,product_id,unit_price(fx)",,
P0070,Apple Airpods,Phụ kiện máy tính,Apple,cái,3249750,67,13,4,,public_api,https://dummyjson.com/products,https://dummyjson.com/products/100,2026-07-23T21:05:36,mobile-accessories,129.99,25000,"initial_quantity,reorder_level,popularity_weight,paired_product_id,product_id,unit_price(fx)",,
P0071,Apple AirPods Max Silver,Phụ kiện máy tính,Apple,cái,13749750,59,11,3,,public_api,https://dummyjson.com/products,https://dummyjson.com/products/101,2026-07-23T21:05:36,mobile-accessories,549.99,25000,"initial_quantity,reorder_level,popularity_weight,paired_product_id,product_id,unit_price(fx)",,
P0072,Apple Airpower Wireless Charger,Phụ kiện máy tính,Apple,cái,1999750,1,5,4,,public_api,https://dummyjson.com/products,https://dummyjson.com/products/102,2026-07-23T21:05:36,mobile-accessories,79.99,25000,"initial_quantity,reorder_level,popularity_weight,paired_product_id,product_id,unit_price(fx)",,
P0073,Apple HomePod Mini Cosmic Grey,Phụ kiện máy tính,Apple,cái,2499750,27,5,5,,public_api,https://dummyjson.com/products,https://dummyjson.com/products/103,2026-07-23T21:05:36,mobile-accessories,99.99,25000,"initial_quantity,reorder_level,popularity_weight,paired_product_id,product_id,unit_price(fx)",,
P0074,Apple iPhone Charger,Phụ kiện máy tính,Apple,cái,499750,31,6,4,,public_api,https://dummyjson.com/products,https://dummyjson.com/products/104,2026-07-23T21:05:36,mobile-accessories,19.99,25000,"initial_quantity,reorder_level,popularity_weight,paired_product_id,product_id,unit_price(fx)",,
P0075,Apple MagSafe Battery Pack,Phụ kiện máy tính,Apple,cái,2499750,1,5,4,,public_api,https://dummyjson.com/products,https://dummyjson.com/products/105,2026-07-23T21:05:36,mobile-accessories,99.99,25000,"initial_quantity,reorder_level,popularity_weight,paired_product_id,product_id,unit_price(fx)",,
P0076,A Light in the Attic,Sách,Unknown,quyển,1708410,66,16,7,,public_website,https://books.toscrape.com/,https://books.toscrape.com/catalogue/a-light-in-the-attic_1000/index.html,2026-07-23T21:05:41,Books,,,"initial_quantity,reorder_level,popularity_weight,paired_product_id,product_id,brand,unit_price(fx)",51.77,33000
P0077,Tipping the Velvet,Sách,Unknown,quyển,1773420,77,19,8,,public_website,https://books.toscrape.com/,https://books.toscrape.com/catalogue/tipping-the-velvet_999/index.html,2026-07-23T21:05:41,Books,,,"initial_quantity,reorder_level,popularity_weight,paired_product_id,product_id,brand,unit_price(fx)",53.74,33000
P0078,Soumission,Sách,Unknown,quyển,1653300,88,22,9,,public_website,https://books.toscrape.com/,https://books.toscrape.com/catalogue/soumission_998/index.html,2026-07-23T21:05:41,Books,,,"initial_quantity,reorder_level,popularity_weight,paired_product_id,product_id,brand,unit_price(fx)",50.1,33000
P0079,Sharp Objects,Sách,Unknown,quyển,1578060,99,24,10,,public_website,https://books.toscrape.com/,https://books.toscrape.com/catalogue/sharp-objects_997/index.html,2026-07-23T21:05:41,Books,,,"initial_quantity,reorder_level,popularity_weight,paired_product_id,product_id,brand,unit_price(fx)",47.82,33000
P0080,Sapiens: A Brief History of Humankind,Sách,Unknown,quyển,1789590,110,27,1,,public_website,https://books.toscrape.com/,https://books.toscrape.com/catalogue/sapiens-a-brief-history-of-humankind_996/index.html,2026-07-23T21:05:41,Books,,,"initial_quantity,reorder_level,popularity_weight,paired_product_id,product_id,brand,unit_price(fx)",54.23,33000
P0081,The Requiem Red,Sách,Unknown,quyển,747450,121,30,2,,public_website,https://books.toscrape.com/,https://books.toscrape.com/catalogue/the-requiem-red_995/index.html,2026-07-23T21:05:41,Books,,,"initial_quantity,reorder_level,popularity_weight,paired_product_id,product_id,brand,unit_price(fx)",22.65,33000
P0082,The Dirty Little Secrets of Getting Your Dream Job,Sách,Unknown,quyển,1100220,32,8,3,,public_website,https://books.toscrape.com/,https://books.toscrape.com/catalogue/the-dirty-little-secrets-of-getting-your-dream-job_994/index.html,2026-07-23T21:05:41,Books,,,"initial_quantity,reorder_level,popularity_weight,paired_product_id,product_id,brand,unit_price(fx)",33.34,33000
P0083,"The Coming Woman: A Novel Based on the Life of the Infamous Feminist, Victoria Woodhull",Sách,Unknown,quyển,591690,43,10,4,,public_website,https://books.toscrape.com/,https://books.toscrape.com/catalogue/the-coming-woman-a-novel-based-on-the-life-of-the-infamous-feminist-victoria-woodhull_993/index.html,2026-07-23T21:05:41,Books,,,"initial_quantity,reorder_level,popularity_weight,paired_product_id,product_id,brand,unit_price(fx)",17.93,33000
P0084,The Boys in the Boat: Nine Americans and Their Epic Quest for Gold at the 1936 Berlin Olympics,Sách,Unknown,quyển,745800,54,13,5,,public_website,https://books.toscrape.com/,https://books.toscrape.com/catalogue/the-boys-in-the-boat-nine-americans-and-their-epic-quest-for-gold-at-the-1936-berlin-olympics_992/index.html,2026-07-23T21:05:41,Books,,,"initial_quantity,reorder_level,popularity_weight,paired_product_id,product_id,brand,unit_price(fx)",22.6,33000
P0085,The Black Maria,Sách,Unknown,quyển,1720950,65,16,6,,public_website,https://books.toscrape.com/,https://books.toscrape.com/catalogue/the-black-maria_991/index.html,2026-07-23T21:05:41,Books,,,"initial_quantity,reorder_level,popularity_weight,paired_product_id,product_id,brand,unit_price(fx)",52.15,33000
P0086,"Starving Hearts (Triangular Trade Trilogy, #1)",Sách,Unknown,quyển,461670,76,19,7,,public_website,https://books.toscrape.com/,https://books.toscrape.com/catalogue/starving-hearts-triangular-trade-trilogy-1_990/index.html,2026-07-23T21:05:41,Books,,,"initial_quantity,reorder_level,popularity_weight,paired_product_id,product_id,brand,unit_price(fx)",13.99,33000
P0087,Shakespeare's Sonnets,Sách,Unknown,quyển,681780,87,21,8,,public_website,https://books.toscrape.com/,https://books.toscrape.com/catalogue/shakespeares-sonnets_989/index.html,2026-07-23T21:05:41,Books,,,"initial_quantity,reorder_level,popularity_weight,paired_product_id,product_id,brand,unit_price(fx)",20.66,33000
P0088,Set Me Free,Sách,Unknown,quyển,576180,98,24,9,,public_website,https://books.toscrape.com/,https://books.toscrape.com/catalogue/set-me-free_988/index.html,2026-07-23T21:05:41,Books,,,"initial_quantity,reorder_level,popularity_weight,paired_product_id,product_id,brand,unit_price(fx)",17.46,33000
P0089,Scott Pilgrim's Precious Little Life (Scott Pilgrim #1),Sách,Unknown,quyển,1725570,109,27,10,,public_website,https://books.toscrape.com/,https://books.toscrape.com/catalogue/scott-pilgrims-precious-little-life-scott-pilgrim-1_987/index.html,2026-07-23T21:05:41,Books,,,"initial_quantity,reorder_level,popularity_weight,paired_product_id,product_id,brand,unit_price(fx)",52.29,33000
P0090,Rip it Up and Start Again,Sách,Unknown,quyển,1155660,120,30,1,,public_website,https://books.toscrape.com/,https://books.toscrape.com/catalogue/rip-it-up-and-start-again_986/index.html,2026-07-23T21:05:41,Books,,,"initial_quantity,reorder_level,popularity_weight,paired_product_id,product_id,brand,unit_price(fx)",35.02,33000
